16311,66821,"1343794",6,"I think auto-submitting to cause a full page refresh would be a pretty bad\
experience, so I'd probably prefer they had to trigger the submit manually.",3189885,"2012-08-09 16:02:33"
16311,67072,"1343812",6,"I agree with Brad; either the *complete* experience, or an unadorned page-refreshing experience. I think a partially-working automatic filter would be confusing.\
\
On 9 Aug 2012, at 17:02, Bradley Wright <notifications@github.com> wrote:\
\
> In app/asse",3189885,"2012-08-09 16:04:00"
16378,2065,"1343821",36,"Added test to ensure single class is passed. Multiple classes gave false positive. \
\
e.g.\
<div id=\"id\" class=\"class class2\"></div>\
$(\"#id\").hasClass(\"class class2\") => false",3195768,"2012-08-09 16:04:41"
15999,10578,"1343824",5,"<meta charset=\"utf-8\" />",3150011,"2012-08-09 16:04:46"
15999,10578,"1343830",5,"Remove this PHP block... not required.",3150011,"2012-08-09 16:05:14"
15999,10578,"1343833",24,"`/`, not `./`",3150011,"2012-08-09 16:05:44"
16378,2065,"1343854",58,"fallback for wildcard since there is no support to remove all classes and another loop didn't seem to make sense... there is an issue with the wildcard (existing) where removeClass(\"*\") gives invalid argument error.\
\
String(\"*\").isEmpty() => true",3195768,"2012-08-09 16:07:32"
10713,3764,"1343873",105,"@dpobel I would better say no.\
\
eZDebug::writeError() may log **RunTime** errors but is not really suitable for errors that is the direct result of bad programming and should fail hard like if a typo was made in a class or method name.",1985263,"2012-08-09 16:09:39"
10755,16428,"1343878",0,"That's fine for now. I may merge them if I get some time.",3126421,"2012-08-09 16:10:20"
16402,147404,"1343881",2,"This is a minor bug fix, should be 0.1.1.\
\
```python\
print \"hello\"\
```\
\
- list 1\
- list 2\
\
",3198929,"2012-08-09 16:10:26"
16402,147404,"1343886",2,"noaaaasdfa",3198929,"2012-08-09 16:10:56"
16412,12194,"1343903",28,"Do not add a newline between if() and  the following statement. Check framework code about it. @rawtaz Check Yii source code about newlines. There is no Symfony/Zend/other code style.",2691504,"2012-08-09 16:12:46"
16412,12194,"1343909",13,"Do not add a newline between if() and  the following statement. Check framework code about it. @rawtaz Check Yii source code about newlines. There is no Symfony/Zend/other code style.",2691504,"2012-08-09 16:13:22"
8214,146172,"1343919",25,"Done. Renamed \"timestamp\" to \"freeze-date\".\
\
I'm actually setting \"build-date\" to the actual day that the image is built because it can differ from the freezedate.",1298606,"2012-08-09 16:14:26"
13740,16703,"1343922",6,"Can we use something more descriptive than 1 and 0?",2652378,"2012-08-09 16:14:32"
16412,12194,"1343934",13,"Remove space after commas.",2691504,"2012-08-09 16:15:39"
16412,12194,"1343935",28,"Remove space after commas.",2691504,"2012-08-09 16:15:45"
16422,70144,"1343938",5,"I think you might need to prefix the string with ^ like above, because of some other processing we do later on the chain with error messages.\
\
Also, if we don't allow the comma at all in a collection title, the reserved string ',,' doesn't make sense, sin",3202728,"2012-08-09 16:16:04"
10755,16428,"1343946",44,"I'd like to keep the YourKit stuff out of the oae module.\
You can deliver a custom setenv.sh.erb template via the setenv_template param to oae::app::server \
\
If you add the YK java arguments to localconfig/templates/oae-setenv.sh.erb then the oae module w",3126421,"2012-08-09 16:17:31"
16427,15489,"1343949",4,"What a load of rubbish",3203687,"2012-08-09 16:18:05"
15707,5148,"1343950",25,"Yep, you are right, the problem is that we don't know if more headers have been added.\
Another option is to create a 'refresh' method and call it from outside every time a new header is created/removed.\
Makes sense for me.",3102707,"2012-08-09 16:18:11"
16429,90352,"1343951",7,"clean that please.",1539896,"2012-08-09 16:18:20"
16414,390580,"1343972",43,"Here's that bug I was talking about. Pipe character is a regexp special character. Needs to be escaped to match.",3201684,"2012-08-09 16:20:48"
14904,224028,"1343975",61,"rename groupbox5 and 6",2875354,"2012-08-09 16:21:08"
14904,224029,"1343998",61,"good catch, thought i got everything.\
\
On Thu, Aug 9, 2012 at 12:21 PM, Greg Sadowski <notifications@github.com>wrote:\
\
> In GroupCommerce.SDK.V3.PublisherConsumerApp/Form1.Designer.cs:\
>\
> > @@ -812,6 +860,12 @@ private void InitializeComponent()\
",2875354,"2012-08-09 16:23:20"
15343,5446,"1344001",5,"See https://github.com/puppetlabs/puppetlabs-razor/pull/48/files#L0L64",3023825,"2012-08-09 16:23:44"
15343,5446,"1344003",8,"Good catch, I'll fix the debug message in #48.",3023825,"2012-08-09 16:24:02"
16414,19859,"1344009",44,"This should be changed to:\
\
    \"CONSOLE: Toggling downfall (on|off) for world|Toggled downfall\"\
\
So we can have:\
* `CONSOLE: Toggling downfall on for world`\
* `CONSOLE: Toggling downfall off for world`\
* `Toggled downfall`",3201684,"2012-08-09 16:24:23"
15316,13153,"1344016",15,"Will fix -- I didn't read the \"Contributing\" file before contributing. :)",3208005,"2012-08-09 16:24:58"
15932,67072,"1344018",4,"I think I'd like to either do this, or remove the comment; if there's a need for the method to change, we'll feel it anyway.",3140127,"2012-08-09 16:25:06"
14904,224028,"1344029",40,"can you make this protected?  also s/They/The in the comment",2875354,"2012-08-09 16:26:33"
15932,67072,"1344037",12,"We could probably make this change in `master`, unless it was accidental?",3140127,"2012-08-09 16:27:39"
16455,73030,"1344049",16,"The @param type of $data is StdClass . This is not fixed . Let me know if its ok .",3209615,"2012-08-09 16:29:05"
15932,67072,"1344053",1,"raising within a template is, I think, unprecedented in this codebase, so it'd be good to understand a bit more about what's going on. Is this to defend against `render partial:` calls which forget to set it in their `locals` options?",3140127,"2012-08-09 16:29:21"
16466,9460,"1344063",50,"because the for loop starts at -1, it will loop once. For instance, if someone picks the dates 8/9/12 and 8/9/12 and chooses to recur on Monday, no loans would be added, because the time span is for one day, which is a Thursday. Similarly, if the user cho",1720882,"2012-08-09 16:30:41"
15932,67072,"1344083",12,"I think we could probably use a stronger selector here; this will match any other link that happens to use the organisation name.",3140127,"2012-08-09 16:32:04"
16455,120891,"1344104",16,"Nah, \"object\" should be fine; all objects are of StdClass anyway. If PhpDocumentor complains, we'll change it.",3209615,"2012-08-09 16:34:45"
16123,19804,"1344122",421,"Why did these need to change? the fact that it didn't break any tests means we have some untested and unverified cases here as well.",3164815,"2012-08-09 16:36:47"
16123,19804,"1344130",332,"why is this changing?",3164815,"2012-08-09 16:37:29"
16123,19804,"1344133",338,"why is this needed?",3164815,"2012-08-09 16:37:39"
13740,17321,"1344140",6,"@jeffheifetz i vote we don't use a status flag at all. See my comment about editing the existing keepSource flag.",2652378,"2012-08-09 16:38:37"
16123,19804,"1344142",329,"if it really does need an order accessor then `Response` should be subclassed. I don't really feel like this is needed though.",3164815,"2012-08-09 16:38:39"
16123,19804,"1344149",285,"What does setting this to 9 mean? This is untested.",3164815,"2012-08-09 16:39:22"
16123,19804,"1344157",454,"country code instead of currency codes?",3164815,"2012-08-09 16:40:06"
16123,19804,"1344184",137,"I feel like an option passed in with the request would make more sense. If you want to enable it globally it could be an option to initialize as well. This should not be the default as it breaks backwards compatibility.",3164815,"2012-08-09 16:43:22"
16210,35579,"1344191",5,"I believe this expression would be easier to understand:\
\
```lambda stack: any('CreatePairedMinidumps' in signature for signature in stack)```\
\
it reduces to one level of parens and drops the confusing `find` and `-1` \
\
",3177744,"2012-08-09 16:44:17"
16495,70144,"1344195",6,"This could be DRYed up in a similar manner to the chart_col_title in the controller, since the dd always has the same value, and only the value of the dt changes.\
\
So, something like\
\
<code>&lt;dt><%= (stat.to_s.titleize == \"Comments\") ? ts(\"Comment Threa",3219527,"2012-08-09 16:44:35"
16499,27507,"1344202",16,"Should these functions be exported?",3220239,"2012-08-09 16:45:37"
16499,27507,"1344205",135,"Does this documentation explain anything?  Switch `#'` to `#` ?",3220239,"2012-08-09 16:46:16"
16499,27507,"1344217",7,"typo",3220239,"2012-08-09 16:47:16"
16455,73030,"1344225",16,"@pmjones Yes @phpdocumentor was complaining . I discusses with @mvreil and he mentioned to add `\\StdClass` as param",3209615,"2012-08-09 16:47:52"
14510,61929,"1344236",100,"This is terrific!",2766341,"2012-08-09 16:49:12"
14624,24810,"1344265",109,"Change to getById instead of clearing out button bar",3224456,"2012-08-09 16:53:18"
14550,5737,"1344285",62,"Check if CanSeek is true on the source.",3226013,"2012-08-09 16:56:30"
16499,27532,"1344297",67,"Doesn't \"x is dependent\" mean that x depends on something else, as in \"John is dependent on nicotine\".\
\
\"x is a dependency of y\" means that y depends on x. It's slightly awkward, but you could say, \"nicotine is a dependency of John's\".\
",3185984,"2012-08-09 16:58:40"
16537,8181,"1344314",4,"It looks like you'll only send trackadded for adding a new plugin track, and not a cue. Is this intended? ",3227955,"2012-08-09 17:00:28"
15334,1628,"1344328",263,"Can you refactor this to use a service instead? Suggesting people to use `EntityManager` in controllers is not really the coolest thing :)",3023441,"2012-08-09 17:02:12"
15334,1628,"1344335",176,"I don't think we need a repository in the example :)",3023441,"2012-08-09 17:03:06"
16537,8181,"1344355",30,"This means that track will only get trackremoved if it has a teardown defined. I don't think that is right, and this should be moved outside this if block; maybe right below the `indexWasAt = index;` statement?",3227955,"2012-08-09 17:05:23"
16537,8181,"1344364",39,"Same as above, this will only work for plugins and not cues. If this is intended, ignore this comment",3227955,"2012-08-09 17:06:06"
14864,6597,"1344368",27,"This is  a `NameError` every time because `user_agents` is not defined. Maybe it belongs further down, and should be checking `self.batch_user_agents` instead?",3231163,"2012-08-09 17:06:24"
16537,8181,"1344370",8,"Can you define a plugin that has no function definitions and still have it work? Just to make the test smaller.",3227955,"2012-08-09 17:06:37"
15334,1628,"1344378",280,"Let's put this in a view instead :)\
```php\
<table class=\"table\">\
    <tr>\
         <th>Id</th>\
         <th>name</th>\
    </tr>\
<?php\
foreach ($this->bugs as $bug) {\
    ?>\
    <tr>\
         <td><?php echo $bug->getId(); ?></td>\
         <td><?php echo $b",3023441,"2012-08-09 17:07:23"
15334,1628,"1344387",52,"I'd remove a lot of stuff here since it is an example :)",3023441,"2012-08-09 17:08:08"
15441,70428,"1344390",20,"there is a merge conflict in scripts/tagger.rb with a bug fix on master branch. also, the right_link/spec/scripts/tagger_spec.rb tests have been enhanced on master so ensure your new code works with those specs.",3044495,"2012-08-09 17:08:33"
16537,3088,"1344392",4,"Should be for _any_ type of track being added, regardless of origin (cue, plugin, etc)",3227955,"2012-08-09 17:08:38"
15334,1628,"1344397",11,"Ha! Let's remove credits ;)",3023441,"2012-08-09 17:08:56"
13912,90492,"1344399",5,"This is fantastic news!",3232893,"2012-08-09 17:09:14"
15334,1628,"1344411",17,"Let's skip this and move to CLI directly... (`git clone... composer.phar...`)",3023441,"2012-08-09 17:10:11"
15995,5718,"1344410",0,"It has now been moved to lib/plugins/dialog.js",3148245,"2012-08-09 17:10:10"
15995,5718,"1344415",5,"It has been placed on its own line.",3148245,"2012-08-09 17:10:27"
15995,5718,"1344418",114,"Updated",3148245,"2012-08-09 17:10:47"
15334,1628,"1344425",30,"Can you add the driver config here?",3023441,"2012-08-09 17:11:41"
14624,24810,"1344427",506,"maybe inline error into the table, like unauth",3224456,"2012-08-09 17:11:47"
15334,1628,"1344434",222,"Let's also add `orm:info` to check that all entities are there",3023441,"2012-08-09 17:12:39"
11557,4846,"1344440",74,"Since we know that this will happen if the original post is not there can we either \
(A) log out a more helpful exception\
(B) handle it without the try catch (using NSNotFound) and then just discard the reply if we don't have the original",3235375,"2012-08-09 17:13:23"
16565,137175,"1344438",5,"Is this import needed? That's the default I thought",3235405,"2012-08-09 17:13:08"
15334,1628,"1344443",253,"Let's do something like `$this->bugService = $bugService`, no?",3023441,"2012-08-09 17:13:41"
11557,4846,"1344446",15,"if we're doing this now using a timestamp do we need the lastID property at all?",3235375,"2012-08-09 17:14:05"
15334,1628,"1344453",253,"Then in the action something like `return new ViewModel(array('bugs' => $this->bugService->getRecent()));`",3023441,"2012-08-09 17:14:27"
11557,4846,"1344462",10,"was this change also applied to replies? (only ask for replies after the timestamp from the last received)",3235375,"2012-08-09 17:15:08"
16575,13565,"1344464",44,"All taken care of.",2894017,"2012-08-09 17:15:21"
16499,27532,"1344487",16,"I've found it useful. It lets you type this:\
\
```R\
ns_env('.')\
pkg_env('.')\
```\
\
Instead of this:\
\
```R\
asNamespace('ggplot2')\
as.environment('package:ggplot2')\
```\
\
But maybe I'm using them in a different way than originally intended -- I often use them ",3220239,"2012-08-09 17:17:13"
16499,27532,"1344497",7,"Thanks, fixed.",3220239,"2012-08-09 17:18:39"
16594,7271,"1344531",12,"Unless HttpConnector is correctly published in all cases, this is not thread-safe.",3238938,"2012-08-09 17:22:58"
14550,5733,"1344587",62,"CanSeek is set to true.  If we use ReadToEnd the CanSeek turns to false, however if we read the stream piece by piece with Read it retains the CanSeek value.",3226013,"2012-08-09 17:27:36"
14864,8289,"1344601",27,"ah yeah I missed that one, typo. fixed!",3231163,"2012-08-09 17:29:01"
16456,5158,"1344608",6,"Seems to me that we have at least in 4 places:\
\
var photoURL = URL.createObjectURL(contact.photo[0]);\
eleme.style.backgroundImage = 'url(' + photoURL + ')';\
\
Can we refactor to a method?\
\
Thanks.",3209619,"2012-08-09 17:29:44"
15489,1590,"1344641",23,"This title should have the same grade of importance as |ProgrammersReferenceGuideofZendFramework2|",3244603,"2012-08-09 17:33:37"
15489,1590,"1344648",26,"LiveDox must have his own subtitle",3244603,"2012-08-09 17:34:20"
15489,1590,"1344656",23,"Probably ZendService should have his own index or something",3244603,"2012-08-09 17:34:42"
16562,30382,"1344667",23,"Minor thing, but since you added the new attribute to the end of both the `ATTRIBUTES` definition and this method's `__init__`, i'd propose to sort the parameters like this:\
```python\
def __init__(self, uncached=False, display_legend=True, items_per_line=",3234620,"2012-08-09 17:35:28"
16565,132262,"1344675",5,"yeah, there is a local Set class for the redis Set command, so if I want it\
to have the right return type, I need immutable.\
\
On Thu, Aug 9, 2012 at 1:13 PM, Bennett Andrews <notifications@github.com>wrote:\
\
> In finagle-redis/src/main/scala/com/twit",3235405,"2012-08-09 17:36:11"
16622,157618,"1344711",4,"Nice addition",3243273,"2012-08-09 17:39:26"
16622,260791,"1344714",4,"Thanks!",3243273,"2012-08-09 17:39:36"
16649,43400,"1344721",14,"this is to expose mailboxSize which is protected in Actor",3247529,"2012-08-09 17:40:05"
16594,7271,"1344727",58,"Given that the HttpServer sets this unconditionally, shouldn't this be an error state here, not \"silently return a bogus value\"?",3247863,"2012-08-09 17:40:33"
14510,61929,"1344731",85,"Is this valuable output? I can see how it would be useful if there are problems, but it's noisy for normal usage.",2766341,"2012-08-09 17:40:53"
16577,8792,"1344737",4,"This link doesn't actually work.  Did you load it up and test it?  The link has to be settings.htm.  (make the page name lowercase to fit in with everything else, and name it .htm to make sure it goes through spring)",3236471,"2012-08-09 17:41:21"
14510,11152,"1344748",85,"I was just following the Riak way, but yeah I'm not the biggest fan of it either.   I can remove it.",2766341,"2012-08-09 17:42:19"
13703,38004,"1344808",23,"Bah, yes, you are right. This is why one shouldn't write code in Github's editor.\
\
In fact, the patch isn't even consistent in that it documents three values for the log kwarg, yet only implements only one. I was originally thinking of allowing the user t",2646312,"2012-08-09 17:48:31"
16649,288936,"1344812",5,"The curly brace in our Scala code is usually at the end of the previous line. Maybe the code could be formatted better.\
\
(I had to read the documentation of foldLeft to be sure...)",3247529,"2012-08-09 17:49:14"
16670,66428,"1344830",30,"unless config[:user].nil? || config[:password].nil?",1089470,"2012-08-09 17:50:18"
15030,28339,"1344957",99,"Done.",2912105,"2012-08-09 18:00:58"
13098,201764,"1345013",36,"Instead of a try/catch here, why not disable the editing functions when the view model states that the selected document is not editing? \
\
ie: Bind the IsEnabled property of the controls to SelectedDocument.IsEditing",2554039,"2012-08-09 18:05:44"
14751,90492,"1345017",5,"It needs to be one z-index higher than lockscreen-main-panel. Don't know how to give a relative z-index.",2830754,"2012-08-09 18:06:07"
16715,61935,"1345020",153,"I couldn't find a pattern, but it wasn't a matter of unloading apps with sticky dirs like kernel.  It can happen for any of the Riak dependency apps.",3258491,"2012-08-09 18:06:22"
16729,22378,"1345048",1,"Thanks for describing the use-case @kennethkoontz.\
\
The current way the Meteor auth system is set up is that once you auth against an OAuth provider your token is stored on the user document, as `user.services.google.accessToken`, for example.\
\
My underst",689529,"2012-08-09 18:09:22"
8214,146172,"1345051",18,"Done.",1298606,"2012-08-09 18:09:30"
16565,137175,"1345240",204,"Just return a Set[Array[Byte]] here. ",3235405,"2012-08-09 18:26:11"
16565,137175,"1345249",207,"Just use Set()",3235405,"2012-08-09 18:27:00"
16711,7053,"1345252",76,"You copied this pattern around 4 times. Any chance you could extract it into a method?",3257961,"2012-08-09 18:27:16"
13774,23848,"1345258",12,"Why don't you send msg as an argument to the hook (esp msg.payload should be interresting to the hook)? Also, why isn't there an \"else\" right before the hooks.callAll?",2658960,"2012-08-09 18:27:47"
16736,65430,"1345263",30,"This method should be rename to #debug?",3260633,"2012-08-09 18:28:01"
16758,1954,"1345265",13,"we should cap it with strndup",3265974,"2012-08-09 18:28:18"
16758,1954,"1345271",61,"same hurr",3265974,"2012-08-09 18:28:49"
15394,8903,"1345277",5,"Ok. I thought include was a control (it's always called as a function, so where do we draw that line).",3269017,"2012-08-09 18:29:16"
16711,7053,"1345278",15,"I started not being a very big fan of RowVector and ColumnVector be different classes from Matrix.",3257961,"2012-08-09 18:29:26"
16776,10853,"1345282",6,"Needs platforms and since tags",3269228,"2012-08-09 18:29:52"
15394,8903,"1345283",5,"It's not. I just thought that adding the strictness would be a nice thing to do.",3269017,"2012-08-09 18:29:54"
16779,10853,"1345285",4,"Needs spacing",3269376,"2012-08-09 18:30:06"
16779,10853,"1345286",5,"Needs since tag",3269376,"2012-08-09 18:30:17"
16743,6993,"1345302",34,"This should probably be :validate => :hash, then you can use @index_table_keys.each |key, value| to get the key name and the string value to sprintf against.",3261760,"2012-08-09 18:31:36"
15394,1591,"1345317",5,"`include` is considered a \"language construct\" not a control structure. So I think we're ok there to treat it as a function, as that is how it is being used in this form.",3269017,"2012-08-09 18:32:26"
15394,1591,"1345363",5,"In places where there is no clear PSR-x standard that we've adopted, we should leave the code alone.  When it comes down to it, someone else is maintaining that piece of code (the component lead), and its better to let them dictate the smaller aspects of ",3269017,"2012-08-09 18:34:55"
16597,4848,"1345370",17,"Switching to `switch` is good thing in this case. But this:\
```objc\
case CPAfterCheckinActionNewUpdate:\
case CPAfterCheckinActionNewQuestion:\
    ...\
```\
and this\
```objc\
(self.afterCheckinAction == CPAfterCheckinActionNewUpdate) ? CPPostTypeUpdate : CPPo",3239472,"2012-08-09 18:35:31"
16597,4848,"1345377",19,"missing `break;`",3239472,"2012-08-09 18:35:46"
16715,11154,"1345406",153,"Either way, i removed the unloading bit. Not having it doesn't seem to affect any of our existing tests.",3258491,"2012-08-09 18:38:19"
16499,27507,"1345411",16,"Oh ok, that makes sense.",3220239,"2012-08-09 18:38:56"
16729,22378,"1345415",1,"Ah, now I understand. Yes, your point makes sense. Let's keep it in\
accounts-oauth1-helpers for now.\
\
Thanks for taking the time to help me understand the concern.\
\
On Thu, Aug 9, 2012 at 11:31 AM, Mike Bannister <notifications@github.com>wrote:\
\
>",689529,"2012-08-09 18:39:26"
16638,9552,"1345419",14,"Should there be a \"break\" ?",3245817,"2012-08-09 18:39:35"
16638,9552,"1345426",18,"\"provides\"",3245817,"2012-08-09 18:40:22"
16806,25905,"1345424",157,"Makes only sense if the list is sorted at some time? I don't think that's needed for coordinate descent.",3273879,"2012-08-09 18:40:21"
16638,9552,"1345436",20,"\"If you do not have VMWare installed, install VMWare player (free):\"",3245817,"2012-08-09 18:41:24"
16813,17590,"1345440",14,"Can you add a bit about why someone would use this rather than the one that actually takes Class?",1521724,"2012-08-09 18:42:04"
16743,6993,"1345446",81,"%{timestamp} means the 'timestamp' field (in @fields of the event), I think this may be better written as \"%{@timestamp}\" though perhaps as long as this special case is documented as such it's fine. ",3275100,"2012-08-09 18:43:09"
16592,14113,"1345448",7,"probably should be a global constant of a class-level method on `Room`",3238762,"2012-08-09 18:43:16"
16592,14113,"1345468",7,"hmmm, also, it'd really be `Room.names` :) ",3238762,"2012-08-09 18:45:56"
16824,884,"1345485",41,"Not sure why it has to be class loader aware",3276675,"2012-08-09 18:47:31"
16824,884,"1345496",55,"Make message consistent with what we typically do\
```\
Assert.notNull(factory, \"'factory' must not be null\");\
```",3276675,"2012-08-09 18:48:40"
11557,4844,"1345503",10,"No, replies work fine with lastId concept.",3235375,"2012-08-09 18:49:10"
11557,4844,"1345524",15,"LastId is used in ordering the feed (addPostsFromArray: postsArray: in CPVenueFeed). ",3235375,"2012-08-09 18:50:42"
16824,884,"1345518",56,"This should be enclosed in IF since you are allowing NULL and it will override the default name.",3276675,"2012-08-09 18:50:05"
11557,4846,"1345525",10,"I understand that they work fine, was suggesting that both be the same for consistency. Guess we can't take lastID out of api call anyways since web uses that now.",3235375,"2012-08-09 18:50:45"
11557,4846,"1345535",15,"Gotcha, just checking.",3235375,"2012-08-09 18:51:43"
16592,14113,"1345537",14,"Wait, the person now is an instance of `Room`? :)",3238762,"2012-08-09 18:51:52"
15489,116882,"1345545",23,"Could I kindly ask you to edit the document as you see fit. Unfortunately,\
I do not understand your suggestions for improvement. I think you only have\
to edit a couple lines. Thank you very for much for your assistance. ;-)\
Jonathan\
On Aug 9, 2012 7:3",3244603,"2012-08-09 18:52:55"
16592,14113,"1345558",34,"Ah, is this the place where the question about one instance_method from once class overwriting an instance_method from another class came from?\
\
That's right. You'll get \"Kitchen goes into the Kitchen\" here, this way :)\
\
Instead maybe you want something m",3238762,"2012-08-09 18:54:35"
13774,357136,"1345564",12,"I didn't really have any use for adding the payload to the hook's arguments, but that's a good idea.\
\
I don't want to handle only non-matched message types in this, though--I want to allow custom handling of *any* message type.",2658960,"2012-08-09 18:55:05"
16592,14113,"1345571",70,"could be just `@state`",3238762,"2012-08-09 18:55:25"
16592,14113,"1345573",92,"could also be just `@state`",3238762,"2012-08-09 18:55:35"
11557,4844,"1345574",10,"I think that feeds and replies update should be single api call and return them both based on timestamp.",3235375,"2012-08-09 18:55:37"
15489,31643,"1345578",23,"It's exactly what we said just a few minutes ago with Maks3w on IRC. I will\
propose the changes ;)\
--\
Mickaël Perraud\
Website | http://mikaelkael.fr\
Twitter | http://twitter.com/mikaelkael\
PGP key | http://mikaelkael.fr/mikaelkael.asc\
\
\
\
2012/8/",3244603,"2012-08-09 18:55:53"
11557,4846,"1345599",10,"The thinking here was that there could be tons of replies for a post that the user doesn't necessarily care about, bogging down the original response of posts.\
It's also more complicated on the backend side as there could be a recent reply to a post that ",3235375,"2012-08-09 18:57:32"
16123,50906,"1345613",421,"This was the only instance that is not pre-formatting and validating the order-id. I added a test case.",3164815,"2012-08-09 18:58:50"
16123,50906,"1345622",454,"Ouch! My bad on this one. I reverted this back to the original implementation.",3164815,"2012-08-09 18:59:02"
16597,4848,"1345621",69,"You don't have to change it, but in C/C++/ObjC is good practice to use this: `if (0 == self.selectedIndex) ...`.\
It will prevent this kind of bugs `if (self.selectedIndex = 0) ...`. It will save you a lot of time debugging. ;)",3239472,"2012-08-09 18:59:02"
16856,217,"1345617",14,"only thing that's needed here is passthrough(x) on the child process object returned from `.exec()` - if you do not do this then the user sees no output during the long pause.",3281722,"2012-08-09 18:58:59"
16123,50906,"1345623",137,"Agreed, I moved it to be part of the options hash. Tests are added accordingly.",3164815,"2012-08-09 18:59:11"
16123,50906,"1345625",332,"I think it's opinionated to embed the order_id in the authorization, especially when the order_id is already part of the request. Do you know why it was embedded here in the first place?",3164815,"2012-08-09 18:59:24"
16123,50906,"1345624",285,"I added a documentation snippet from the official xml spec: http://download.chasepaymentech.com/docs/orbital/orbital_gateway_xml_specification.pdf",3164815,"2012-08-09 18:59:19"
16123,50906,"1345626",338,"This is not needed. It was part of the other fork's implementation. I got rid of it.",3164815,"2012-08-09 18:59:26"
16806,25905,"1345653",36,"Sorry,  just figured out that for some reason pip8 got turned off in my IDE. Now I can see what you mean, I'll fix it right away.\
 ",3273879,"2012-08-09 19:02:14"
16597,4846,"1345685",69,"much prefer `if (self.selectedIndex = 0)` for the style.\
to me it looks wrong to put `if (0 == self.selectedIndex)` with the value you're comparing to on the left side ",3239472,"2012-08-09 19:05:07"
16842,4844,"1345689",14,"Remove extra empty lines",3279552,"2012-08-09 19:05:39"
15394,8903,"1345691",5,"I've removed it. However: http://www.php.net/manual/en/function.include.php (notice how it's under \"control structures\"?)",3269017,"2012-08-09 19:05:45"
15394,8903,"1345693",5,"Also removed (all of them).",3269017,"2012-08-09 19:06:01"
16842,4844,"1345700",27,"Please a 'e' to variable - currentVenu**e**",3279552,"2012-08-09 19:07:16"
16842,4844,"1345705",31,"add spaces before and after `else`",3279552,"2012-08-09 19:07:39"
16842,4844,"1345717",37,"Formatting and indentation doesn't seem right. Please use Xcode style, e.g.:\
```objective-c\
        [[[UIAlertView alloc] initWithTitle:@\"\"\
                                    message:@\"You have to be checked in to this venue to comment or +1.\"\
          ",3279552,"2012-08-09 19:08:51"
13774,23848,"1345723",12,"Well, skip the else thing then. But please send in the whole msg structure, not just the payload. That way you allow for the most flexibility in plugins, and it doesn't cost much.",2658960,"2012-08-09 19:09:31"
15995,5718,"1345733",0,"And moved again to lib/ui/dialog",3148245,"2012-08-09 19:10:26"
16889,617,"1345740",17,"This assumes `navigator.id.getVerifiedEmail` will always be successful. If a user closes the popup without completing the login, for example, `assertion` is null.",358700,"2012-08-09 19:10:45"
16894,10394,"1345759",51,"Yes, use single backticks, like \\`T = 1/2 m v^2\\`.  Note that you need to use LaTeX notation here. ",3288249,"2012-08-09 19:13:45"
16889,617,"1345766",88,"Nit: should use `jQuery.Deferred` instead of `$` (like you do in `Session`)",358700,"2012-08-09 19:14:19"
16889,617,"1345773",97,"This line doesn't do anything?!1",358700,"2012-08-09 19:14:44"
16597,4848,"1345778",69,"Problem is that this is programmer's error: `if (self.selectedIndex = 0)` and compiler won't catch it. You are not comparing, you are assigning. So this:\
```\
if (self.selectedIndex = 0) { ... }\
```\
is equivalent to:\
```\
self.selectedIndex = 0\
if (0) { ...",3239472,"2012-08-09 19:15:26"
16889,617,"1345798",80,"SuperNit: space after `)`:\
\
```js\
var Badge = function(assertionUrl, spec) {\
```\
\
I generally do a space after `function` as well for anonymous functions, but I also try not to use anonymous functions. I'd actually probably rewrite this as:\
\
```js\
functio",358700,"2012-08-09 19:17:18"
16597,4846,"1345800",69,"I understand the bug you're referring to and what creates the difference between the comparison and the assignment. \
\
I'd prefer to have the variable on the left side of the comparaison and the value being compared to on the right side as I think this mak",3239472,"2012-08-09 19:17:41"
16900,27607,"1345805",8,"Great work!",3289309,"2012-08-09 19:18:08"
16565,132262,"1345809",204,"there's a namespace conflict on Set",3235405,"2012-08-09 19:18:20"
16565,132262,"1345811",207,"there's a namespace conflict on Set",3235405,"2012-08-09 19:18:29"
16831,35861,"1345857",29,"Don't catch -- just throw through.",3278239,"2012-08-09 19:23:00"
16889,617,"1345861",157,"Not sure this should throw. That means nothing would get returned to the callback, right? I feel like with callback-style functions, there's an implied contract with the consumer that the callback should always be called, and that errors will be sent to t",358700,"2012-08-09 19:23:38"
16831,35861,"1345867",34,"Restore newline at end of file (many times / many files).",3278239,"2012-08-09 19:24:09"
16887,3509,"1345878",20,"Does Error('fo') call its own constructor or is this a typo?\
\
`throw Error('nosdcard') === throw new Error('nosdcard')` ?",3287005,"2012-08-09 19:25:28"
16887,3509,"1345890",41,"according to the style guidelines (for gecko/gaia?) this should be\
````js\
if () {\
}  else if() {\
}\
````",3287005,"2012-08-09 19:26:54"
16831,35861,"1345899",40,"Needs a better name than \"getLists\" like \"getPlanNodeList\" to match \"getScanNodeList\"",3278239,"2012-08-09 19:27:39"
16889,617,"1345903",251,"You don't actually use `i`, or `arr` here, I don't think you should bother declaring them.",358700,"2012-08-09 19:27:56"
16831,35861,"1345927",58,"Don't ignore inline nodes -- iterate over them, just like in getScanNodeList_recurse . (Don't forget to remove the comment)",3278239,"2012-08-09 19:30:05"
16938,199762,"1345936",64,"I'm not sure because they are very specific on what we are going to test. I've added more tests to test warnings and errors.",1639278,"2012-08-09 19:31:05"
16887,3509,"1345958",97,"hmm does this add extra args you don't want or something to imageDeleted?\
\
Seems like you could pass it directly and avoid the extra anon functions for each onchange?",3287005,"2012-08-09 19:32:51"
16887,3509,"1345960",100,"see above ^",3287005,"2012-08-09 19:32:58"
16831,35861,"1345984",66,"It doesn't make sense to test for null here but not test for it in the other loadFromJSONObject methods that load members.\
They would crash if they really got a null.\
Instead, \"assert(jobj != null);\".",3278239,"2012-08-09 19:34:44"
16945,32921,"1345986",28,"good catch. I think I rather dumb it down a bit to only accept str and let the py2 version be a lambda x: x\
to much magic will only hurt",469023,"2012-08-09 19:35:04"
16831,35861,"1345992",73,"update the comment -- inline_nodes are handled.",3278239,"2012-08-09 19:35:35"
8268,31665,"1346001",26,"well yes, and so was nexus-test-common before that - but in fact in some cases it seemed direct declaration of dependency was required in the past -  some cases a compile scope dependency was depending on junit version x and that was overriding nexus-test",3299769,"2012-08-09 19:36:45"
8415,866,"1346004",45,"Shouldn't this be called RedisStoreMessageSource ???",3299785,"2012-08-09 19:36:52"
16831,35861,"1346014",19,"Classes that don't have a toJSONString method don't need a loadFromJSONObject method. \
Back out this change.",3278239,"2012-08-09 19:37:46"
16831,35861,"1346023",19,"Classes that don't have a toJSONString method don't need a loadFromJSONObject method. \
Back out this change.",3278239,"2012-08-09 19:39:00"
16831,35861,"1346024",19,"Classes that don't have a toJSONString method don't need a loadFromJSONObject method. \
Back out this change.",3278239,"2012-08-09 19:39:10"
16953,21420,"1346026",217,"It is 1 at the moment, because I was restricting everything to R^2 to get\
something working.  I'm going back over the kmeansp and kmeansbi to extend\
them for R^M, which is what we have already done with the gomatrix library.\
\
You are correct about the",3151469,"2012-08-09 19:39:29"
8268,31598,"1346042",26,"I think if we are going to spend the effort to update the deps, we should spend the effort to minimize there declarations as well.",3299769,"2012-08-09 19:40:32"
9698,168953,"1346061",56,"This probably should be \"unneeded\". However, I would suggest \"unnecessary\", as I think it's used more.",1811574,"2012-08-09 19:42:59"
16565,137175,"1346080",207,"Return types should be generic and not tied to the implementation.  scala.collection.Set is the generic set trait. Alternatively you can rename the redis set or scala set via imports.",3235405,"2012-08-09 19:45:16"
8415,866,"1346083",134,"Again, I don't think we want to confuse new users with this. If you want a literal, use 'key' instead - seasoned SpEL users will know they can use a SpEL literal here.",3299785,"2012-08-09 19:45:25"
8415,866,"1346088",142,"s/~~are requiring/require/",3299785,"2012-08-09 19:45:51"
9698,54876,"1346091",56,"fixed.",1811574,"2012-08-09 19:46:10"
8415,884,"1346096",45,"I like 'adapter' and we already have (with quick search) AmqpInboundChannelAdapter",3299785,"2012-08-09 19:46:30"
16482,11834,"1346095",7,"aren't you missing an `import markdown` somewhere?  Even better would be `from markdown import markdown` if that's the only function we'll need.",3216200,"2012-08-09 19:46:29"
16968,6751,"1346101",20,"The padding should be set to (8,0,8,0) to ensure that it causes no regressions.",3304935,"2012-08-09 19:46:51"
16973,11157,"1346114",42,"It looks to me like this call to service_registered has the desired effect of removing the service from the riak_api_pb_server's dispatch state; however I don't think it's `states` are being treated as cleanly. I'm not sure if that matters, but I think it",3305472,"2012-08-09 19:48:52"
14575,1561,"1346122",11,"Do you want to try moving the unicode character to the end so it's the last thing before the newline?",3248120,"2012-08-09 19:49:57"
16945,9880,"1346139",28,"I agree about magic. :)",469023,"2012-08-09 19:52:23"
14637,37247,"1346144",9,"You'll get used to it ;)",2798473,"2012-08-09 19:53:13"
8415,866,"1346147",45,"Well, that is not wrapped in an SPCA.\
\
A quick check of sublasses of AbstractPollingInboundChannelAdapterParser point to classes ending with MessageSource - the method is called 'parseSource' after all :-)\
\
````\
protected BeanMetadataElement parseSource(E",3299785,"2012-08-09 19:53:22"
16968,6751,"1346159",94,"We may want to call requestLayout() when setting the shadow layer as well.",3304935,"2012-08-09 19:55:12"
16968,6751,"1346185",92,"call requestLayout() here too",3304935,"2012-08-09 19:58:02"
14575,50745,"1346219",11,"I ❤ unicode so damn much.",3312168,"2012-08-09 20:02:23"
14575,50745,"1346228",11,"Wow,  that seemed to trigger it.",3248120,"2012-08-09 20:03:46"
8415,16398,"1346240",45,"This IS a MessagSource, so yes RedisStoreMessageSource is the right name. The SPCA is the adapter, delegating to a source.\
\
The AmqpInboundChannelAdapter is different. It's an active component (not polled) that extends MessageProducerSupport so it has the",3299785,"2012-08-09 20:04:51"
17005,42019,"1346239",81,"missing space here",3313401,"2012-08-09 20:04:40"
17005,42019,"1346241",86,"} else {, not } else\
{",3313401,"2012-08-09 20:04:55"
16482,11835,"1346244",7,"hum...strange about the import .\
",3216200,"2012-08-09 20:05:06"
17005,42019,"1346245",102,"ditto",3313401,"2012-08-09 20:05:08"
13137,42019,"1346261",8,"a little more nitpickery (but fixing this isn't mandatory, it's just for future use) - 'return NULL' on its own line",3314831,"2012-08-09 20:08:11"
13137,42019,"1346264",29,"ditto continue",3314831,"2012-08-09 20:08:22"
13137,42019,"1346274",56,"braces aren't necessary for single line conditionals (if I haven't mentioned in the past, I tend to follow quite closely to Qt's code styling guidelines) - but again, more nitpickery that isn't necessary to fix",3314831,"2012-08-09 20:09:22"
8415,884,"1346284",45,"ok",3299785,"2012-08-09 20:10:37"
16968,6751,"1346287",61,"What happens when the user sets only one of shadow color or shadow offset?  Should we have some default values for these? If both are needed, we should only call setShadowLayer() when both are present.",3304935,"2012-08-09 20:10:43"
16968,6751,"1346299",21,"Similar to the comment above, what happens when you call setShadowLayer() when 0 for some of these fields?",3304935,"2012-08-09 20:11:57"
16726,28321,"1346303",428,"This is the only thing I don't like in the whole script.  Do we need that?  If you take it out and \"outdent\" the stuff below it, then the CR is okay AFAIC.",3259274,"2012-08-09 20:12:23"
17022,394711,"1346345",20,"Please also pull 9f59a0b7fd0eaff72b80e9741337d596bb885a4c to remove the now redundant check",3315341,"2012-08-09 20:16:24"
16761,67519,"1346374",149,"I think this method should be in the test class, not in the provider class",3266839,"2012-08-09 20:19:59"
10934,75018,"1346377",10,"Are we still using `linkifyTest` somewhere?",1950837,"2012-08-09 20:20:19"
16806,25905,"1346384",15,"The ever_active_set is also needed in the basic use case (Simple, one alpha fit with ElasticNet), it can't be stored in enet_path then.",3273879,"2012-08-09 20:20:52"
16973,11157,"1346391",41,"If you're deregistering a range of codes, it calls set_env once per code, unlike during registration, where it updates the dict once per code, but calls set_env just once for the range.",3305472,"2012-08-09 20:21:57"
16973,11154,"1346421",41,"Good catch. This is probably spammy and race-prone.",3305472,"2012-08-09 20:24:33"
15995,16705,"1346434",13,"typo: thirdparty",3287058,"2012-08-09 20:25:55"
16973,11154,"1346431",42,"Yes, maybe it should be changed to have a `service_unregistered` function.",3305472,"2012-08-09 20:25:48"
17064,2616,"1346437",17,"s/Uri/URI/g",3323941,"2012-08-09 20:26:07"
17064,2616,"1346446",22,"`static`.",3323941,"2012-08-09 20:26:23"
17064,2616,"1346452",26,"Kill this log line. (And: typo.)",3323941,"2012-08-09 20:26:50"
17064,2616,"1346456",36,"s/Uri/URI",3323941,"2012-08-09 20:27:07"
16806,27838,"1346460",91,"> I commit already not working code so we can agree on where to implement things.\
\
I cannot read non-working code: I would need source access to the brain\
of the guy who wrote it(can I get commit rights too ? :} ) to figure out\
how he wants to make it wor",3273879,"2012-08-09 20:27:34"
10934,11930,"1346463",10,"We're not using `linkifyTest` or `linkify` anywhere.",1950837,"2012-08-09 20:27:44"
17003,16647,"1346465",41,"@mdineen was this still failing? Not sure if the `xit` was missed.",3312961,"2012-08-09 20:27:55"
16806,27838,"1346472",17,">    Because the prototype told me so. The prototype is gold standard\
>    also for the other tests.\
\
What do you mean by 'the prototype'?",3273879,"2012-08-09 20:28:24"
17003,250120,"1346478",41,"Yes, still failing.",3312961,"2012-08-09 20:28:49"
15995,16705,"1346490",22,"I think it makes more sense to access the controller from the dialog code.  Context menus do it that way",3287058,"2012-08-09 20:29:48"
17003,16647,"1346494",27,"Empty lines _could_ be removed (nitpick, lol). :-P",3312961,"2012-08-09 20:30:02"
16806,27838,"1346501",15,"> The ever_active_set is also needed in the basic use case (Simple, one alpha fit with ElasticNet)\
\
Why? I don't understand. All we need is to learn the coefficients.",3273879,"2012-08-09 20:30:31"
17003,16647,"1346523",46,"Usually, var statements with multiple lines are indented once more to the right (IMO better readability), but your call, that is an opinion, and a nitpick. :-)",3312961,"2012-08-09 20:32:58"
16839,46783,"1346557",155,"This channel should be buffered, so the instance monitor doesn't have to wait for the listener to read from the channel before continuing.\
\
Actually, this opens up a vulnerability (not a security vulnerability, but a deadlock vulnerability). If the person",3328492,"2012-08-09 20:36:23"
15774,859,"1346569",5,"no need to extend the other class",3329501,"2012-08-09 20:38:19"
16983,69367,"1346589",5,"Maybe you could copy over the docstring examples from numpy here, so they get tested.",3330169,"2012-08-09 20:39:46"
17084,11836,"1346634",6,"Achtung! The default encoding is locale-dependent, not always UTF-8. This won't do what you expect on Windows, in cron jobs, and so on.\
\
(This is one thing where I think they really screwed up with Python 3, but it's been discussed before and apparently i",3328472,"2012-08-09 20:44:05"
15995,16705,"1346648",60,"Remove baton from show()",3287058,"2012-08-09 20:45:01"
15995,16705,"1346651",53,"Reset batonHandle after handling it",3287058,"2012-08-09 20:45:18"
15995,16705,"1346657",36,"Do not continue from this point if there is no baton",3287058,"2012-08-09 20:45:55"
13489,8181,"1346664",16,"What about making this a `play` or `playing` event so that we know the video is playing?",3332931,"2012-08-09 20:46:31"
13489,8181,"1346666",15,"What about making this a `play` or `playing` event so that we know the video is playing?",3332931,"2012-08-09 20:46:37"
17084,11835,"1346676",6,"but, `Converter` as a global variable set as `default_encoding = 'utf-8'`! \
so do we want to force everything as utf-8 ? and use `io.open` everywhere ?",3328472,"2012-08-09 20:47:40"
16781,11391,"1346690",31,"I don't know, but wouldn't it be better to let the Thread sleep for a short period if the service isn't available? Or will this block something? Don't know how long it normally takes until the service is available normally. Maybe it could also be interest",3269407,"2012-08-09 20:49:00"
17078,67597,"1346693",5,"Thanks",3327966,"2012-08-09 20:49:12"
16781,11391,"1346695",45,"I think this line is too long.",3269407,"2012-08-09 20:49:16"
17084,11836,"1346747",6,"We could use `with io.open(outfile, 'w', encoding=encoding):`. I don't think there's any reason to save HTML in anything other than UTF-8, though.",3328472,"2012-08-09 20:53:13"
16806,25930,"1346835",157,"> Makes only sense if the list is sorted at some time? I don't think that's needed for coordinate descent.\
\
yes but that's a reasonable choice to keep the set ordered so when you\
loop over features on only just positively in memory. In other words\
it avoi",3273879,"2012-08-09 21:01:27"
16806,25930,"1346857",15,"> The ever_active_set is also needed in the basic use case (Simple, one alpha fit with ElasticNet)\
> Why? I don't understand. All we need is to learn the coefficients.\
\
same feeling here.\
\
if you do:\
\
lasso = Lasso(alpha=1, use_srong_rule=True)\
lasso.fit(",3273879,"2012-08-09 21:03:08"
17123,395492,"1346873",5,"Hate to monkey-patch, and would have called the original highlight function, but the original throws errors if you call it.",3333402,"2012-08-09 21:05:21"
17165,25534,"1346893",12,"Do you mind adding this to the header instead?",3342129,"2012-08-09 21:07:40"
16304,9244,"1346905",15,"HI Matt - we're going to deprecate $eventdata->files soon which is why it was removed from the master code - do you have custom code that uses/relies on this?",3189331,"2012-08-09 21:08:54"
16304,9244,"1346918",42,"tabs look a little weird here?",3189331,"2012-08-09 21:10:26"
14243,28330,"1346930",12,"Okay, this scares me. ReloadData is VERY expensive and worse yet, has in the past stomped on interface state machines and caused tables to become unresponsive. Are you sure reloadData is needed?",2723161,"2012-08-09 21:11:42"
16776,10853,"1346932",30,"Missing indentation",3344133,"2012-08-09 21:11:54"
16776,10853,"1346935",28,"Indentation is incorrect",3344133,"2012-08-09 21:12:37"
16776,10853,"1346939",31,"Indentation is incorrect",3344133,"2012-08-09 21:12:49"
16726,10858,"1346989",428,"Oops... Heh. Leftover fragment from debugging. I'll fix that right up.",3259274,"2012-08-09 21:17:56"
13489,1715,"1347004",15,"I already test for autoplay and loop working, so this just tests that they are set when they would be read.  This is fine.",3332931,"2012-08-09 21:19:41"
17212,8181,"1347025",38,"Do you need to specify `font-style: normal` here or is that the default?",2795065,"2012-08-09 21:21:24"
17212,17369,"1347042",38,"That is the default; not necessary.",2795065,"2012-08-09 21:22:46"
17212,8181,"1347062",25,"what about `font-weight: bold` instead? Kate, is there any functional difference?",2795065,"2012-08-09 21:24:25"
11821,884,"1347074",53,"hasText?",2184139,"2012-08-09 21:25:51"
11821,884,"1347086",53,"I'll fix it when merging",2184139,"2012-08-09 21:27:02"
17021,3792,"1347110",74,"This should be [elem[\"frm_name\"] for elem in result]",3351488,"2012-08-09 21:28:54"
16511,26686,"1347118",27,"Defining arrays like this does not allow fast indexing (this was true in cython <0.16; I'm not sure if it's been fixed that since then). ",3222237,"2012-08-09 21:29:18"
16511,26686,"1347122",27,"I should specify: I believe defining numpy arrays as a *function argument* leads to fast indexing, but defining arrays as variables does not.",3222237,"2012-08-09 21:29:51"
16511,25930,"1347135",14,"dgemm is not in the shipped cblas \
\
we'll need @fabianp one more time for windows :)",3222237,"2012-08-09 21:31:10"
17021,3792,"1347141",208,"hek.attrs.EventType(EventType) should read hek.attrs.FL",3351488,"2012-08-09 21:31:43"
17228,3509,"1141497",22,"I am really not a fan of adding a click handler to the whole page.\
I will likely replace this with a animation handler hack so this behaviour\
will only be added to specific elements as they hit the dom. (As seen in x-tags and other libs)",3352687,"2012-07-11 15:35:02"
17230,35359,"1141571",15,"Ну если бы не было несколько классов в одном файле, можно было бы сделать не упячечно",3352763,"2012-07-11 15:43:57"
17231,64708,"1141614",51,"What about commenting on another comment?",3352807,"2012-07-11 15:46:38"
17232,29359,"1141587",105,"I don't see where we use this method in the tests. We should remove it if we don't use it.",3352797,"2012-07-11 15:45:15"
17231,64708,"1141624",55,"We don't need to set the user, it should automatically be assigned from the current_user.",3352807,"2012-07-11 15:47:15"
17233,211998,"1141723",40,"@qwcode I'd rather not require and assert a specific version; that feels like it wouldn't demonstrate the typical scenario where this set of features will be useful.  It also wouldn't help me clean up the assertions in `test_upgrade_with_unneeded_recursiv",3352835,"2012-07-11 15:55:57"
17230,35334,"1141511",15,"`SymlinkLibraryNode.SymlinkLibraryNode` — это упячечно =(",3352763,"2012-07-11 15:36:48"
17233,37548,"1141771",152,"Is there a verdict on this? Keep it or not?",3352835,"2012-07-11 16:02:39"
6682,14800,"1141781",4,"I would rather see us come up with a well-defined way of injecting heira data so that it's safe for us to always clobber the hiera.yaml with our stadard version",3352888,"2012-07-11 16:03:56"
6728,8141,"1141653",113,"Ok, maybe just a comment to the effect that the arbitrary selection of transitions is intended to be representative but not exhaustive - might help a maintainer if a refactoring later breaks something either covered or not covered by the test.",1123630,"2012-07-11 15:49:45"
17230,35334,"1141822",15,"Я выше предложил, как сделать неупячечно",3352763,"2012-07-11 16:08:15"
6682,14800,"1141788",9,"I agree with this concept, but I think we need a more descriptive fact name here.",3352888,"2012-07-11 16:04:43"
17234,1638,"1141823",72,"Instead of using 'h', perhaps we should use constants? Imho that would make the code more legible.",3352900,"2012-07-11 16:08:17"
17234,1638,"1141857",127,"AFAIK the goal is to keep vars out of quotes\
\
$line . \"\\n\"",3352900,"2012-07-11 16:11:56"
17234,1638,"1141885",251,"CS, line ending missing",3352900,"2012-07-11 16:14:41"
16575,13565,"1141745",63,"I should probably add measures to ShapePart if we want them to be useful. Right now it's very difficult to index into the measures array to find the values for a specific part.",3236706,"2012-07-11 15:58:47"
17229,199518,"1141572",21,"I think \"estimatedSize\" is better indeed...\
\
\"estimatedGainForLeftSafeLiteral\"  is good too.",2424394,"2012-07-11 15:44:00"
17234,1638,"1141888",263,"CS, line ending missing",3352900,"2012-07-11 16:15:21"
17236,114365,"1141947",346,"This line does nothing, I used it to have a breakpoint for debugging. You can delete it.",929196,"2012-07-11 16:23:02"
6821,73683,"1141936",31,"can we do this?\
```\
private static final GetKeyFunction GET_KEY_FUNCTION...\
private static final GroupTupleFunction GROUP_TUPLE_FUNCTION...\
```",1127311,"2012-07-11 16:21:37"
17234,1638,"1141905",46,"Can't this just be elseif() ?",3352900,"2012-07-11 16:17:28"
16429,90352,"1141984",28,"use i18n \"trans\"",3204328,"2012-07-11 16:29:47"
17237,106509,"1141987",32,"Is this an error in imagebuf.h:\
\
reres (const ImageBuf &spec)\
\
Should it not use ImageSpec instead? I see the implementation only needs\
a spec.",3352988,"2012-07-11 16:30:12"
17229,342037,"1141768",51,"\"isStillUnit\" ?",2424394,"2012-07-11 16:02:20"
17234,1638,"1141970",302,"CS, spacing",3352900,"2012-07-11 16:27:08"
17236,114365,"1141952",384,"This line does nothing, I used it to have a breakpoint for debugging. You can delete it.",929196,"2012-07-11 16:23:46"
17238,4359,"1141925",4,"Still not sure about contents validation, since as a single function it turns out to be quite ugly :|",3353014,"2012-07-11 16:20:11"
17234,1638,"1141986",313,"$output already had a value assigned on line 309. Not sure if overwriting that is the way to go.\
\
If correct I would suggest:\
if (!$head) {\
   $output = $tableText->render();\
} else {\
  //  ... this code block;",3352900,"2012-07-11 16:29:59"
16429,90352,"1142003",0,"I think we should use of a sekizai tag here to provide the css resources so that the style is available in any cms page.",3204328,"2012-07-11 16:31:46"
17234,1638,"1141989",316,"CS, spacing between arguments",3352900,"2012-07-11 16:30:31"
17234,1638,"1141990",320,"CS, spacing between arguments",3352900,"2012-07-11 16:30:40"
17234,1638,"1141997",335,"CS, spacing between arguments",3352900,"2012-07-11 16:31:13"
6771,268156,"1142051",13,"If we're not using puppet, is this line necessary?",1125342,"2012-07-11 16:38:20"
6821,164018,"1142049",31,"sure\
",1127311,"2012-07-11 16:38:07"
6711,5827,"1142063",11,"ideally this would go in a `beforeEach` since it's needed for every test",230303,"2012-07-11 16:39:43"
17239,4343,"1142067",7,"Yes, I forgot to remove manage-orgs",1742602,"2012-07-11 16:40:18"
17234,1638,"1141999",341,"CS, spacing around comparator",3352900,"2012-07-11 16:31:26"
6771,1065,"1142086",13,"Not strictly necessary, but one of the box tests in Veewee checks to see if Puppet is installed. I had to flip a coin to decide whether to remove the Puppet stuff and leave that test failing or not. If you have a strong opinion either way, it can certainl",1125342,"2012-07-11 16:44:03"
6771,268156,"1142087",17,"It's too bad it's still version 1.8.7 in the CentOS 6 base repo ...",1125342,"2012-07-11 16:44:21"
6779,55227,"1142088",8,"@ginko This code looks like it could be cleaned up quite a lot.  Just declare all these variables first as blank strings, then in your if blocks just set the variable(s) that is (are) different under that condition.\
\
You could also change the if/elsif/end",1126266,"2012-07-11 16:44:29"
6771,1065,"1142093",13,"Also, the intent was to leave these boxes and configs publicly available, and it seems the community standard is to have both Puppet and Chef available.",1125342,"2012-07-11 16:45:30"
17234,1638,"1142004",359,"\"\\ No newline at end of file\"",3352900,"2012-07-11 16:31:46"
17234,1638,"1142025",209,"CS, no double quotes required",3352900,"2012-07-11 16:34:55"
17234,1638,"1142026",206,"CS, no double quotes required",3352900,"2012-07-11 16:35:01"
17234,1638,"1142027",220,"CS, no double quotes required",3352900,"2012-07-11 16:35:13"
17243,23644,"1142163",18,"`$is_closed = !$page_owner->isPublicMembership();`\
\
Just push commits to your branch, no need for new PR.",3353139,"2012-07-11 16:56:49"
17234,1638,"1142030",223,"CS, no double quotes required",3352900,"2012-07-11 16:35:33"
17234,1638,"1142032",234,"CS, no double quotes required",3352900,"2012-07-11 16:35:40"
17245,1638,"1142164",5,"Paddy, could you please leave the old tests in there as well? That way we ensure there are no BC issues (or at least become aware were there any).",3353167,"2012-07-11 16:56:56"
17241,138835,"1142098",36,"`copy` or `deepcopy` from the `copy` module.",3353146,"2012-07-11 16:46:49"
17234,1638,"1142037",1,"A little indentation wouldn't hurt. Can't say much about the rest of this.\
\
\"if it works, it works for me ;)\"",3352900,"2012-07-11 16:36:35"
17245,1638,"1142169",14,"So what do we do about that bug?",3353167,"2012-07-11 16:57:29"
17245,1638,"1142172",72,"Paddy, could you please leave the old tests in there as well? That way we ensure there are no BC issues (or at least become aware were there any).",3353167,"2012-07-11 16:58:06"
17245,1638,"1142175",92,"Sorry for repeating myself ;) Could you please leave the old tests in there as well? That way we ensure there are no BC issues (or at least become aware were there any).",3353167,"2012-07-11 16:58:34"
17246,34409,"1142213",26,"see #361",3353213,"2012-07-11 17:04:25"
17234,6383,"1142226",72,"Because we have only three options here and because I used the standard values of many shell commands  I think it's not a good idea. Generally speaking you are right but in this case I think is not so necessary.",3352900,"2012-07-11 17:06:28"
17234,6383,"1142232",127,"It's only a quick way to obtain the same result here.",3352900,"2012-07-11 17:07:12"
17247,28094,"1142237",7,"yay!",163942,"2012-07-11 17:07:50"
17247,28094,"1142246",11,"Is this github being stupid?",163942,"2012-07-11 17:09:06"
6857,4828,"1142260",8,"How would that work? You should also update the config.php and check.php to use your requirement class, which won't work as we also override them.",1127915,"2012-07-11 17:10:21"
17247,28094,"1142266",59,"Circles don't have vertices :)  But actually is this even used anywhere? It looks like `drawShape()` just calls `g.circle()`",163942,"2012-07-11 17:10:49"
17249,34389,"1142240",48,"please remove the null check. should be consistent regardless of prefix",3353306,"2012-07-11 17:08:10"
16575,13565,"1142249",53,"The property was changed so it could be updated after the polygon's inner and outer rings were joined. Once that code is refactored and decoupled from the shapefile project, this will go back to being immutable.",3236706,"2012-07-11 17:09:30"
17249,34389,"1142241",37,"please remove the null check. should be consistent regardless of prefix",3353306,"2012-07-11 17:08:11"
17234,6383,"1142282",1,"Actually the indentation is not possible here because I used some white spaces to indent the XSLT output.\
This is a general XLST file to convert a docBook structure in reStructuredText format.\
I used the XSLT syntax + the special template php:function() u",3352900,"2012-07-11 17:12:28"
17240,31774,"1142105",26,"I remember that too. I must have rebased it in when I wasn't paying attention. Anyway, it's fixed now. I :purple_heart: deleting code!",3353333,"2012-07-11 16:48:01"
17248,858,"1142247",5,"could you rename this variable to `writable_dirs`?",3353421,"2012-07-11 17:09:07"
17248,858,"1142256",8,"could you rename this variable to `webserver_user`?",3353421,"2012-07-11 17:10:13"
17250,28549,"1142290",21,"uncomment this gems\
",3353462,"2012-07-11 17:13:02"
17234,6383,"1142303",46,"Yes, that's true.",3352900,"2012-07-11 17:15:11"
17240,31774,"1142200",34,"I'm always open for review. I wouldn't have opened a PR if I hadn't put on my asbestos underpants.\
\
I was rewriting the summary, and now I'm not sure if this does the right thing. Currently, it updates the workdir to match what's in the index, but maybe t",3353333,"2012-07-11 17:02:58"
17248,858,"1142268",35,"what do you mean?",3353421,"2012-07-11 17:10:55"
17247,28094,"1142306",25,"There are just 4 points here, so the square isn't being closed. If you add `true` as the last element in the path, it will auto-close the shape (and make the starting/ending vertex look better than if you just repeated the first coordinate)\
\
`v = [[x - si",163942,"2012-07-11 17:15:18"
17241,138835,"1142317",97,"I would rather say the optimal **subtree**. ",3353153,"2012-07-11 17:17:03"
17241,138835,"1142326",146,"They are suboptimal.",3353153,"2012-07-11 17:17:43"
17248,858,"1142286",20,"Can you add a link to the Symfony2 documentation? (http://symfony.com/doc/master/book/installation.html)\
\
You can write multine comments with:\
\
    desc <<-DESC\
      blabla\
    DESC",3353421,"2012-07-11 17:12:51"
17234,6383,"1142322",313,"The code is not so clear here, you are right. I reused the $output as a new variable. I will change this.",3352900,"2012-07-11 17:17:27"
17228,25294,"1142338",58,"I'm not sure you need to credit me for this.  Although if it were more of a hack, it's not a bad way to make have to not say anything bad about it :)",3352687,"2012-07-11 17:19:14"
17248,19989,"1142308",35,"This is about the last method in the Symfony2 doc (3. Without using ACL) but I don't think it's a good idea to implement it",3353421,"2012-07-11 17:15:32"
17240,31774,"1142262",196,"Good catch. Done!",3353333,"2012-07-11 17:10:41"
17234,6383,"1142339",316,"Fixed",3352900,"2012-07-11 17:19:17"
17234,6383,"1142341",320,"Fixed",3352900,"2012-07-11 17:19:35"
17248,858,"1142324",35,"Oh, no, not a good idea ;)",3353421,"2012-07-11 17:17:29"
17228,25294,"1142348",31,"I think andreas is taking a hard-line about uses of __proto__, even though I think this is pretty harmless.  You have a getter, so it's probably somewhat annoying to change, but I have discharged my duty in warning you about it.",3352687,"2012-07-11 17:20:58"
17234,6383,"1142343",335,"Fixed",3352900,"2012-07-11 17:20:04"
6857,34409,"1142362",8,"Yeah, I also thought about that. In my opinion we shouldn't override config.php and check.php.\
Say somebody customized these files in 2.0 and upgrades to 2.1 -> all his changes are lost. I think it's a bad idea. You said yourself, that the SE works as a s",1127915,"2012-07-11 17:22:15"
17234,6383,"1142350",341,"Fixed",3352900,"2012-07-11 17:21:01"
17228,25294,"1142360",53,"don't people usually do it like #advanced-setting-selection:target ?  I don't care, just wondering if this is believed to be better for visibility, etc.",3352687,"2012-07-11 17:22:11"
17240,31774,"1142271",204,"I like it. :ok_hand:",3353333,"2012-07-11 17:11:35"
17234,6383,"1142353",359,"Fixed",3352900,"2012-07-11 17:21:18"
12338,5737,"1142349",4,"Change it back, it's that way for a reason.",2355783,"2012-07-11 17:20:59"
17247,28094,"1142378",82,"nit: by repeating `[x, y]` at the end to close the triangle, the beginning/ending vertex corner is drawn as two lines butted together, rather than coming to a sharp point like the other corners. If you instead use `true` as the last element, the shape wil",163942,"2012-07-11 17:23:56"
17234,6383,"1142357",209,"Fixed",3352900,"2012-07-11 17:21:59"
17254,398949,"1142365",18,"Kinda hacky, I know. :(",3353745,"2012-07-11 17:22:36"
17247,28094,"1142383",82,"Actually, you might have to just leave off the last `[x,y]` here and `v.push(true)` after you recenter below.",163942,"2012-07-11 17:24:45"
17234,6383,"1142373",206,"Fixed",3352900,"2012-07-11 17:23:36"
17234,6383,"1142376",220,"Fixed",3352900,"2012-07-11 17:23:42"
17247,28094,"1142413",151,"The `GRAY` is pretty dark and makes it kind of hard to read some of the measurements. Perhaps this would look better?:\
outerShape: `{ fill: BLUE, stroke: BLUE, \"fill-opacity\": 0.5 }`\
innerShape: `{ fill: \"#f8f8f8\", stroke: BLUE }`\
\
(`#f8f8f8` is the backg",163942,"2012-07-11 17:28:09"
17255,733,"1142388",85,"I think prefixing the modules with \"mvc-\" and having the `Y.MVC` namespace is confusing. How about this for the module names:\
\
* `todo` provides `Y.Todo`\
* `todo-list` provides `Y.TodoList`\
* `todo-view` provides `Y.TodoView`\
* `todo-app` provides `Y.Todo",3353895,"2012-07-11 17:25:41"
17234,6383,"1142430",251,"Fixed",3352900,"2012-07-11 17:30:02"
17247,38996,"1142416",11,"yes",163942,"2012-07-11 17:28:31"
17234,6383,"1142431",263,"Fixed",3352900,"2012-07-11 17:30:10"
17247,38996,"1142423",59,"Yeah, this is used in the data-ensure on L10 to make sure the inner shape is totally enclosed by the outer shape (there are some weird corner cases [literally :D])",163942,"2012-07-11 17:29:31"
17255,733,"1142426",34,"This could become an Attribute of the app (that's make it more YUI-like).",3353895,"2012-07-11 17:29:35"
17234,6383,"1142435",302,"fixed",3352900,"2012-07-11 17:30:35"
17251,138835,"1142302",65,"I don't mind, I am okay with that.\
\
While I am at it, I must warn you  though, I am currently making *huge* changes on the tree structure (see #946). I don't know how we should resolve our future conflicts :/ ",994634,"2012-07-11 17:15:01"
17234,6383,"1142436",223,"fixed",3352900,"2012-07-11 17:30:45"
17234,6383,"1142445",234,"fixed",3352900,"2012-07-11 17:31:13"
17257,35999,"1142461",4,"Could you call this something more descriptive? Perhaps `html_element_whitelist`?",3354194,"2012-07-11 17:32:19"
17258,142108,"1142459",56,"...did not log anything.",3354179,"2012-07-11 17:32:15"
17257,35999,"1142465",12,"Likewise, `HTML_ALLOW_ELEMENT_WHITELIST` perhaps?",3354194,"2012-07-11 17:32:41"
16575,13570,"1142452",63,"I'm responsible for this.  Sorry.",3236706,"2012-07-11 17:31:33"
6725,11957,"1142483",21,"I believe we can actually change the `:url` to be `:url => 'https://papertrailapp.com/api/v1'` to cut down on the typing and not need to define the `@api_prefix`. It's one of the things I really like about faraday.",1123560,"2012-07-11 17:34:42"
6725,11957,"1142490",51,"We are using the `Faraday::Response::RaiseError` middleware, so we'll get an exception if things don't work.",1123560,"2012-07-11 17:35:51"
17249,83969,"1142529",48,"The reason the null check is here is so that it will make `obj[i]`=null if the doc is null. Not sure what the desired behavior would be in this situation. If I remove the null check `obj[i+suffix]`=null but `obj[i]` still contains the id.\
\
In a sense the ",3353306,"2012-07-11 17:41:05"
17237,106509,"1142509",51,"What do you think about collapsing these two lines in one?\
\
histogram[ (c==max) ? bins-1 : (int) ((c-min) * ratio) ]++;",3352988,"2012-07-11 17:39:22"
6725,11957,"1142500",50,"You should just be able to pass the `group` hash directly in as the second argument to `@connection.post()` without needing to convert it to a string. Were you having problems with that?",1123560,"2012-07-11 17:37:18"
17255,733,"1142545",19,"Might be useful to pass the `{asList: true}` option so you get a ModelList instance back from this.",3353895,"2012-07-11 17:43:15"
17255,733,"1142547",26,"Same for this: `{asList: true}`",3353895,"2012-07-11 17:43:31"
16575,13570,"1142464",138,"Limitation?  I would call that a show-stopper.",3236706,"2012-07-11 17:32:37"
17237,106509,"1142617",40,"I am thinking of having a single histogram function without histogram_impl.\
\
ImageBufAlgo::histogram does input validation literally in 5 lines and then\
it calls histogram_impl. I think we should put the code in one function.\
It made sense to separate 'ov",3352988,"2012-07-11 17:50:39"
17245,1588,"1142741",5,"Both lines are the same? \\u0022 is the unicode escape for \". JSON interprets them as the same thing.",3353167,"2012-07-11 18:03:07"
17261,165877,"1142636",25,"Don't hard code these values. Use:\
\
  bb::device::DisplayManager displayManager;\
  bb::device::Display& display = displayManager.getDisplay(displayManager.primaryDisplayId());\
  QSize size = display.pixelSize();\
\
  dCapsObject->Set(String::NewSymbol(\"plat",3354415,"2012-07-11 17:53:00"
17245,1588,"1142746",14,"Fixed in source - sorry, the comment can be deleted.",3353167,"2012-07-11 18:03:27"
17260,1588,"1142598",492,"It's a convention. There may be issues with very old clients where being case insensitive was not strictly observed. I'd simply prefer that we not deviate from what ESAPI does since it was written by wiser minds than mine. If it's explicitly upper casing ",3354426,"2012-07-11 17:48:06"
16575,13570,"1142479",415,"This might be used (otherwise it will be removed).  See my comment above.",3236706,"2012-07-11 17:34:03"
7018,27856,"1142892",11,"In order for ModeShape to find this class, it *must* be called `org.modeshape.common.logging.CustomLoggerFactory` (see the static initializer and JavaDoc for [LogFactory](https://github.com/ModeShape/modeshape/blob/master/modeshape-common/src/main/java/or",1132683,"2012-07-11 18:16:07"
7018,27856,"1142908",14,"Also, ModeShape will never use this INSTANCE, since it always constructs its own instance.",1132683,"2012-07-11 18:17:32"
17262,38210,"1142818",60,"Wrapped everything into a _PrivilegedAction_. That seems to be the easier and more readable approach.",3354454,"2012-07-11 18:09:26"
7165,17608,"1142953",40,"Maybe the comment above is worded incorrectly.\
This method works fine, if you are using only a few segments in a moveq, since you can calculate the number of samples by adding up all the times. If there are going to be multiple moveq's, then you have to d",1136512,"2012-07-11 18:21:10"
17263,5048,"1142748",5,"fix order: Container, Display, DisplayManager, qColor (no need for the qtgui part)",3354463,"2012-07-11 18:03:39"
17263,5048,"1142916",12,"put a comment on these saying the unit is pixels",3354463,"2012-07-11 18:18:31"
17263,5048,"1142928",14,"put a comment with the unit",3354463,"2012-07-11 18:19:29"
17263,5048,"1142971",85,"Put assert(calculatedValue != NULL)",3354463,"2012-07-11 18:22:59"
16575,13570,"1142528",115,"We're going to have to support polygons crossing the IDL sooner or later.  I guess the question is if shapefiles allow it?  And if so, is it important enough that we should do it now?",3236706,"2012-07-11 17:41:03"
7043,166632,"1142991",14,"Shouldn't the Marshal.load be loading into output_settings?",1132977,"2012-07-11 18:24:53"
17263,5048,"1143001",84,"dpMM? What are d and p? I can guess dots per mm, but the value passed seems more like pixelsPerMM",3354463,"2012-07-11 18:25:30"
17264,165877,"1142968",32,"Appcelerator coding standard requires testing for NULL, e.g.,\
\
if (timer_ != NULL)",3354511,"2012-07-11 18:22:49"
7023,64978,"1143019",5,"The prior behavior should match how this library works with a real cassandra cluster. Does it not?",1132701,"2012-07-11 18:26:58"
17264,165877,"1142974",40,"Appcelerator coding standard requires testing for NULL, e.g.,\
\
if (event_ != NULL)",3354511,"2012-07-11 18:23:14"
7043,114916,"1143033",14,"Wow, overlooked while copying from one file to another.\
Fixed.",1132977,"2012-07-11 18:28:59"
17264,165877,"1142979",48,"Appcelerator coding standard requires testing for NULL, e.g.,\
\
if (event_ != NULL)",3354511,"2012-07-11 18:23:33"
6878,86812,"1143069",4,"It says \"get_extra_build_options\" here, but in ``xml/setup_package.py`` you have `get_build_options`.  Is one of these a typo?",3354578,"2012-07-11 18:31:53"
17264,165877,"1143074",33,"Appcelerator coding standard requires testing for NULL, e.g.,\
\
if (itr != timeoutList_.end() && itr->second != NULL)",3354511,"2012-07-11 18:32:15"
17228,3509,"1143082",58,"Lol, that was actually more a todo item. the code I have now is not your error handling code :)",3352687,"2012-07-11 18:33:02"
6878,69601,"1143095",4,"Indeed.  I think the \"extra\" is a typo -- sort of redundant.  I'll fix this in the docs.",3354578,"2012-07-11 18:34:44"
17237,106509,"1143104",111,"Sounds right. I will move the text output code in the caller in oiiotool.cpp.\
\
We can figure out later how exactly to output as text.",3352988,"2012-07-11 18:36:18"
6711,45646,"1143126",11,"Did that, thanks for the suggestion :)",230303,"2012-07-11 18:38:44"
17268,1217,"1143149",33,"whats this function doing in here?  it probably shouldn't exist since its only called once.",427997,"2012-07-11 18:41:14"
17237,106509,"1143148",6,"A little thing that slipped through with \"over\".\
\
I will prepare a separate small pull request with this fix and another one for 'over' later.",3352988,"2012-07-11 18:41:10"
17268,1217,"1143100",31,"Using an early return here may make the following else block a bit clearer (since the else starts on line 82 and ends on line 155).",427997,"2012-07-11 18:35:44"
17265,8359,"1143042",28,"is_a_collaborator = !collaborators.where{id == user.id}.first.nil?\
\
Note: pull upstream/master before doing this.",3354648,"2012-07-11 18:29:26"
17268,1217,"1143163",50,"The /RACKSPCE/ shouldn't be hard coded in here since gutsy is open source and presumably someone one day besides RACKSPCE may want to use it.  We probably do this elsewhere.  If so, we should maybe just fix all of them in another pull request.  Otherwise,",427997,"2012-07-11 18:42:34"
17268,1217,"1143204",7,"/RACKSPCE/",427997,"2012-07-11 18:46:19"
17265,8390,"1143192",5,"I remember trying to remove the if and it errored out somewhere",3354648,"2012-07-11 18:45:36"
17284,148669,"1143281",7,"Esta comparación debe ser cambiada, ya que la constante ____DIR____ fue añadida desde la versión 5.3.0 de PHP, y algunas personas (como yo) tendrán problemas si intentan correr su aplicación en una versión posterior, digamos 5.2.13.\
\
Ver la documentación:",1126210,"2012-07-11 18:53:46"
6667,37207,"1143221",1,"Never, EVER, do this. The $LOAD_PATH should not be altered by libraries, only by library managers (like RubyGems). If you want to locally have `./lib` in your load path, run ruby like this:\
\
    $ ruby -Ilib …\
\
or\
\
    $ RUBYLIB=lib ruby …\
\
If you don't w",1122351,"2012-07-11 18:48:16"
17268,1217,"1143197",98,"You may want to use the v1_xml parser thing in utils here.",427997,"2012-07-11 18:45:56"
17265,8390,"1143211",319,"schema is probably different since I did a lot of database stuff on other branches\
and I was trying to figure out how to do everything",3354648,"2012-07-11 18:47:07"
6947,17010,"1143296",22,"How about adding something like\
\
    // A precaution against future additions to FlagsNotPickled turning out\
    // to be overloaded flags thus not-pickling more than intended.\
    assert((OverloadedFlagsMask & FlagsNotPickled) == 0, flagsToString(Overloa",426488,"2012-07-11 18:55:16"
17283,5429,"1143271",6,"Yeah you're right - this shouldn't be top level - it fixes the test but the test is flawed since caller_module_name will never be a fact.\
\
Ive reverted this commit",3354756,"2012-07-11 18:52:47"
6667,37207,"1143233",10,"Don't change the version when submitting a pull request. Let the library's manager choose which version goes with changes.",1122351,"2012-07-11 18:49:12"
17284,137945,"1143330",7,"Creo que con esto bastaría https://github.com/MilkZoft/codejobs/blob/master/www/requirements.php#L12",1126210,"2012-07-11 18:58:12"
17286,1628,"1143334",0,"Please revert everything here",3354778,"2012-07-11 18:58:41"
17287,89406,"1143349",25,"These lines still expose the render logic in the view. It reads like there's a possibility of both partials rendering.\
\
A better pattern would be `<%= assessment_form.form_footer %>`. Then, conditionally render in the presenter.",3354787,"2012-07-11 19:00:10"
17286,1628,"1143355",61,"Could you do a quick check and see if there is actually a requirement for (explicitly) an `EntityManager`? I'd love to move this logic to have it consume a generic `Doctrine\\Common\\Persistence\\ObjectManager` and the `Doctrine\\Common\\Persistence\\Mapping\\Cl",3354778,"2012-07-11 19:01:28"
7165,17607,"1143364",40,"Makes sense. Merging.",1136512,"2012-07-11 19:02:06"
17286,1628,"1143368",61,"It should actually be possible with the compromise of losing access to the `Query` stuff :)",3354778,"2012-07-11 19:02:30"
17285,8359,"1143290",9,"Maybe child_question would make more sense than first_call\
\
Add to the top of file : <% child_question ||= false %>\
\
if first_call becomes unless child_question",3354804,"2012-07-11 18:54:43"
17288,8359,"1143372",5,"I don't like this loop. Can you change this to\
    if !@question.solutions.where{(is_visible == false) & (creator == my{present_user})}.first.nil?\
and then remove the loop? (might need to pull upstream/master if squeel is not installed)\
\
Actually, do this",24193,"2012-07-11 19:03:34"
17285,8359,"1143298",38,":child_question => true",3354804,"2012-07-11 18:55:18"
17287,46957,"1143379",25,"Yeah, that is good feedback!",3354787,"2012-07-11 19:04:17"
7164,167825,"1143380",71,"On refresh flow, we need to send client secret also. ",248667,"2012-07-11 19:04:26"
17286,1628,"1143384",39,"Are you sure that we need a wrapped hydrator? After all, `Doctrine\\Common\\Persistence\\Mapping\\ClassMetadata` should allow you to access the fields directly (also for writes).\
Also here, could you do a quick check and see if `ObjectManager` and `ClassMetad",3354778,"2012-07-11 19:04:54"
17285,8359,"1143304",6,"Same",3354804,"2012-07-11 18:55:47"
7164,167825,"1143390",75,"Chatter can call this version to the get the Url. I can put this method into Chatter, but I feel OAuth2 isn't used directly by anyone, so it should be ok. ",248667,"2012-07-11 19:05:44"
17286,1628,"1143402",75,"Use statements instead of this. Also, we should probably rely on `Doctrine\\Common\\Persistence\\Mapping\\ClassMetadata#getTypeOfField($fieldName)`",3354778,"2012-07-11 19:06:50"
17285,8359,"1143301",6,"Don't need this line if you do the changed above",3354804,"2012-07-11 18:55:37"
17286,1628,"1143412",138,"Also here, use methods `isSingleValuedAssociation` and `isCollectionValuedAssociation` from the interface",3354778,"2012-07-11 19:08:04"
17284,161086,"1143418",7,"Excelente :)",1126210,"2012-07-11 19:08:34"
17234,1586,"1143416",72,"@Freeaqingme This is standard getopt usage, not just in ZF, but any library or language that provides getopt-style CLI argument parsing. And I mean down to the syntax used to interact with it.",3352900,"2012-07-11 19:08:25"
17285,8359,"1143308",14,":child_question => true",3354804,"2012-07-11 18:56:09"
6769,15398,"1143431",7,"I think this line should be removed.  What if we want to test that katello gives a proper error message when the description is left out?  We should be able to use this task for such a test.",1125281,"2012-07-11 19:10:06"
6878,97174,"1143422",150,"I like this, though the way it updates `locals()` at the end seems unnecessarily hackish.  Could it not just return maybe a dict and let the caller decide what it wants to do with the results?  This works for expat, but if there isn't already a local vari",3354855,"2012-07-11 19:09:10"
17285,8359,"1143314",6,"Same",3354804,"2012-07-11 18:56:31"
17286,1628,"1143432",175,"Use the `getIdentifierValues` from the target class' `ClassMetadata` here",3354778,"2012-07-11 19:10:07"
7164,167825,"1143435",218,"This shouldn't affect the normal flow. It is required for IP Bypss flow. ",248667,"2012-07-11 19:10:28"
17286,1628,"1143434",204,"As above, use `getIdentifierValues`",3354778,"2012-07-11 19:10:19"
7024,90991,"1143445",4,"As long as you're doing this, might as well make it something like:\
\
std::string filename = basename + \"D\" + tempDepth + \"NT\" + tempNTrees;\
if( !itksys::SystemTools::FileExists(filename.c_str() )\
  {\
  filename += \".gz\";\
  }\
\
This would make it backwards ",1000343,"2012-07-11 19:11:14"
17285,8359,"1143311",6,"No need",3354804,"2012-07-11 18:56:17"
17286,1628,"1143446",179,"Use `find` instead. This is premature optimization",3354778,"2012-07-11 19:11:16"
17286,1628,"1143447",208,"Use `find` instead. This is premature optimization",3354778,"2012-07-11 19:11:21"
17282,8359,"1143222",5,"Don't need if you do what I said above.",3354722,"2012-07-11 18:48:17"
7164,167825,"1143470",152,"Need to store this, as we require it for refresh flow. ",248667,"2012-07-11 19:13:54"
6878,97174,"1143469",85,"Cool--I don't think I even would have thought of this, but I like the idea.",3354855,"2012-07-11 19:13:45"
7164,167825,"1143474",63,"Lets the Application override this method to provide its own Helper. ",248667,"2012-07-11 19:14:48"
7164,167825,"1143482",161,"Let the application override this to decide if it wants to load IP bypass flow, or regular flow. ",248667,"2012-07-11 19:15:56"
7164,167825,"1143484",217,"All this moves to the FinishAuthTask\
 Application can override this method to provide their own Auth finish task,\
",248667,"2012-07-11 19:16:21"
17289,1590,"1143463",71,"firephp/firephp-core",3354972,"2012-07-11 19:13:13"
7164,167825,"1143492",290,"removing account shouldn't be done on the UI thread. Since we already have an AsyncTask, removing the accounts here. ",248667,"2012-07-11 19:16:57"
17291,859,"1143449",4,"you reverted them the wrong way",3354982,"2012-07-11 19:11:37"
7164,167825,"1143510",382,"this got moved to the async task. ",248667,"2012-07-11 19:18:13"
17287,89406,"1143526",27,"Designating the `correct_badge`, `incorrect_badge`, `radio_disabled`, and `radio_checked` methods as helpers unintentionally exposes them as helpers to Woople. A better place for them would be in the `SubmittedAnswerPresenter`.",3354787,"2012-07-11 19:19:51"
7023,166590,"1143540",5,"i'm getting a failure when i use the mock cassandra, which i believe i\
being caused by the following:\
\
in get(), extract_and_validate_params_for_real() gets called, which maps\
the column name being looked up to the correct type as defined in the\
schema, s",1132701,"2012-07-11 19:21:06"
7064,23939,"1143550",137,"This message is wrong. I changed the plugin. The NPanday file is repleaced by wsdlExeFolderLocation and cscExeFolderLocation. The message could be something like\
 \"csc.exe could not be found Add. Set the path to th csc folder incscExeFolderLocation\"\
",1133296,"2012-07-11 19:22:00"
7064,23939,"1143561",114,"Same as in csc (Next comment)",1133296,"2012-07-11 19:23:14"
17290,8359,"1143401",12,"I swear git is crazy sometimes.",3355047,"2012-07-11 19:06:48"
17286,6466,"1143585",179,"I don't agree with you about this one. This is not premature optimization. We don't need to load it, why loading it ? This is just good sense :p.",3354778,"2012-07-11 19:25:30"
17290,8359,"1143587",5,"Well just a minor thing you might wanna rename this to @is_discussion (and same on the method above)",3355047,"2012-07-11 19:25:39"
7146,5745,"1143655",15,"Have 2 empty lines a special meaning in the code?",3355140,"2012-07-11 19:33:11"
17286,1628,"1143661",179,"That is mainly because `getReference` is an ORM specific method",3354778,"2012-07-11 19:34:13"
17292,27532,"1143569",119,"Is the if-else needed here? Will it work if you always use this:\
\
```\
lapply(vp$children[[i]], function(x)x$name)\
```\
\
Also, I find it a little hard to understand what's going on - can you try defining a separate function for the `lapply`, instead of usin",3355139,"2012-07-11 19:24:01"
17286,1628,"1143668",179,"Since we should ideally move to `Doctrine\\Common` and eventually extend the features here with more specific/optimized logic, that's why I suggested to use `find`",3354778,"2012-07-11 19:34:48"
7252,23315,"1143745",9,"this is a bit hard to read.\
\
a better pattern might be:\
```\
Locale locale = Locale.getDefault();\
if(arrayBinaryContains(locale.getLanguage(), \"ja\", \"ko\", \"zh\") || arrayBinaryContains(locale.getCountry(), \"BZ\", \"CA\", \"KE\", \"MN\", \"US\")) \
    ... do stuff\
``",84815,"2012-07-11 19:45:47"
17293,8359,"1143710",4,"From what I can infer from the controller, the user (admin) is supposed to set this in a form, so attr_accessible should be fine for deprecated.",24172,"2012-07-11 19:39:59"
7241,5069,"1143771",26,"How about \"nonce range\" vs \"full work\"?",1137971,"2012-07-11 19:49:18"
17264,165874,"1147791",12,"For clearInterval and clearTimeout functions, platforms are not mentioned.",3354511,"2012-07-12 08:26:52"
7241,5069,"1143786",159,"\"Average\" is generally abbreviated \"Avg\" (\"Ave\" is \"Avenue\")",1137971,"2012-07-11 19:50:31"
17296,5962,"1143787",20,"Style (commas should be followed by a space)",1339092,"2012-07-11 19:50:52"
17295,8359,"1143779",7,"This probably won't work. Did you test all those?",3355210,"2012-07-11 19:50:16"
17264,165874,"1147778",33,"Done",3354511,"2012-07-12 08:25:31"
17296,5962,"1143776",10,"Can you rename `urls_or_config_hashes` to something less verbose? I think `nodes` is fine, as it is `#add_node` that is finally concerned with what to do with the contents.",1339092,"2012-07-11 19:50:03"
17297,223027,"1147801",9," ? true : false bu kisimlar fazla olmus",3355239,"2012-07-12 08:28:38"
17296,5962,"1143778",8,"Style",1339092,"2012-07-11 19:50:14"
17299,22041,"1147849",16,"You're making Capybara dependent on jQuery??? A *huge* no to this.",3355244,"2012-07-12 08:34:40"
17300,22041,"1147867",5,"It would be nice to have specs for these changes, and not just in the RSpec matchers!",3355265,"2012-07-12 08:37:14"
17296,5962,"1143782",14,"Style",1339092,"2012-07-11 19:50:20"
17298,7071,"1147805",27,"Replace L80-83 with\
\
      this.settingGroups.splice(\
        this.settingGroups.indexOf(this.defaultGroup), 1);",3355240,"2012-07-12 08:28:53"
17300,4609,"1147913",5,"Yeah, agreed. But where besides RSpec matcher specs?",3355265,"2012-07-12 08:43:06"
17301,77315,"1147838",22,"I've tried plone.batching in my dev environment but it breaks the \"standard_view\" template from plone.app.collection because it uses the oldstyle CMFPlone batch_macros ... so this has to be changed there too, before merging thisone. ",3355264,"2012-07-12 08:32:48"
17261,5051,"1147950",25,"Done",3354415,"2012-07-12 08:50:57"
17261,5051,"1147952",44,"Done",3354415,"2012-07-12 08:51:06"
17302,53209,"1147927",12,"Ah yes, totally right",3355401,"2012-07-12 08:46:22"
17302,305365,"1147921",12,"worth sending this to crew or techteam?",3355401,"2012-07-12 08:44:24"
17303,305365,"1147968",2,"Don't we need to drop this?",3355534,"2012-07-12 08:53:23"
17021,3792,"1347149",227,"See above.",3351488,"2012-08-09 21:32:13"
17021,3792,"1347152",246,"See above.",3351488,"2012-08-09 21:32:18"
17021,3792,"1347156",278,"See above.",3351488,"2012-08-09 21:32:28"
17021,3792,"1347157",282,"See above.",3351488,"2012-08-09 21:32:33"
17992,11835,"1349914",18,"done.",1921319,"2012-08-10 08:40:29"
17265,8359,"1143089",319,"No idea why this file is different for you. Don't commit this file here.",3354648,"2012-07-11 18:33:43"
18785,135507,"1357511",56,"It would help performance in the server itself",3379205,"2012-08-11 17:12:00"
18785,171680,"1357513",56,"true, and I can't see any problems as such with it, I'm just saying ;)",3379205,"2012-08-11 17:13:02"
18785,135507,"1357514",6,"getSimpleName returns the 'Simple Name' of a spell. E.G Confringo's Simple Name is Fireball (at least I think this is what evilmidget is trying to achieve?)",3379205,"2012-08-11 17:13:24"
18785,171680,"1357516",6,"no, it gets the simpleClassName of the class itself, which is what toString does",3379205,"2012-08-11 17:14:17"
18785,135507,"1357518",20,"Cant this just be: `public SpellLoader loader = new SpellLoader(this);`",3379205,"2012-08-11 17:14:45"
18785,135507,"1357521",6,"Ah right... This change is not needed then...",3379205,"2012-08-11 17:15:59"
18785,213574,"1357523",6,"I didn't realize .toString was overridden. ",3379205,"2012-08-11 17:16:16"
18785,171680,"1357522",20,"Exactly my point; it's much neater and does exactly the same",3379205,"2012-08-11 17:16:14"
18785,135507,"1357526",20,"Should even be: `public SpellLoader SpellLoader = new SpellLoader(this);` to avoid confusion",3379205,"2012-08-11 17:18:22"
18785,171680,"1357527",6,"I might change what does it, and how the Spell name is stored though, but yeah, it is, and tbh you should have noticed, especially given this is code that is tested to work, and something like that would break it.",3379205,"2012-08-11 17:18:46"
18785,213574,"1357529",20,"You don't want it done in the constructors.  Very important values are set  for JavaPlugin's via a .initialize method.  If things are initialized in the constructor, we're creating objects and initializing them with essential traits being null.",3379205,"2012-08-11 17:19:24"
18785,171680,"1357532",20,"or even public SpellLoader spellLoader = new SpellLoader(this);",3379205,"2012-08-11 17:20:43"
18785,213574,"1357533",56,"I prefer the neater approach of them instead putting the spell's .jar file inside the folder, as they're truly writing plugins for this plugin.  It doesn't really make sense(or is as efficient) for them to create a bukkit plugin that's simply adding onto ",3379205,"2012-08-11 17:20:53"
18798,6970,"1357531",55,"no reason, changed to itervalues in c5cc4a33424e1e97ff0f245b5475dbfc9cb7c973.",3379568,"2012-08-11 17:20:13"
18785,135507,"1357534",20,"Then the initialisation should really be a part of the PluginManager. Just send an instance of the plugin over to an *initialize* function and set every object there.",3379205,"2012-08-11 17:21:36"
18785,135507,"1357535",56,"I second that",3379205,"2012-08-11 17:22:16"
18785,171680,"1357536",56,"If we're going to have plugins for this plugin, they might as well be able to access everything.",3379205,"2012-08-11 17:22:17"
18785,171680,"1357537",20,"I do this a lot, and am doing it, and I have had no problems so far.",3379205,"2012-08-11 17:22:50"
18785,213574,"1357538",20,"Without the .initialize method .getDataFolder() will be null.  Therefore it would throw a NPE immediately upon the SpellLoader starting.",3379205,"2012-08-11 17:24:14"
18785,135507,"1357543",56,"If a user wants to create just a spell they use this method. If they want to do more then they should be able to make a plugin that accesses everything.",3379205,"2012-08-11 17:27:10"
18798,6970,"1357544",65,"the behavior that i initially had in mind was that the reverse mapping would just hold the first token to generate the id. but it doesn't really matter whether the reverse mapping holds the first token or most recent token that hashes to the id, in either",3379568,"2012-08-11 17:27:16"
18803,39239,"1357540",82,"Even though I think we've come a long way from C89, I'll move the declaration to the top!  Also, good call on using `gettimeofday()`.",3379786,"2012-08-11 17:25:51"
18785,171680,"1357542",20,"That isn't the case for all the other classes though; very few of them will be affected in this way.",3379205,"2012-08-11 17:27:08"
18798,6970,"1357545",68,"ah, thanks!",3379568,"2012-08-11 17:27:30"
18785,171680,"1357548",56,"True, but one problem; to write a class extending Spell, you need to have void cast(Player), and for which you need to add the bukkit API as a library...",3379205,"2012-08-11 17:29:39"
18785,135507,"1357547",20,"Created issue for this: #41",3379205,"2012-08-11 17:29:30"
18785,135507,"1357549",56,"I'm not sure why needing the Bukkit API is an issue",3379205,"2012-08-11 17:31:39"
18785,213574,"1357550",56,"They actually can access everything, as spells are passed an instance of HarryPotterSpells. ",3379205,"2012-08-11 17:32:04"
18785,171680,"1357551",56,"It isn't, it's just that it's only a few steps further to just writing a plugin, which would have a lot more power.",3379205,"2012-08-11 17:33:14"
18785,171680,"1357552",56,"They can access everything, but not in a practical way, it'd have to be in the constructor.",3379205,"2012-08-11 17:34:08"
18785,213574,"1357553",56,"You have to have a constructor anyway.",3379205,"2012-08-11 17:34:48"
18798,6970,"1357554",65,"to more directly answer your question: i had wanted `not self.reverse.get(h, None)` to be None when the key  did _not_ exist in the dict. i should have written `if self.maintain_reverse and not h in self.reverse`, but as i say above, that behavior isn't n",3379568,"2012-08-11 17:37:55"
18811,5091,"1357558",31,"Can you hyperlink method names?\
\
eg. instead of `grunt.file.expand` do [grunt.file.expand](api_file.md#gruntfileexpand)",3379956,"2012-08-11 17:43:05"
18785,171680,"1357564",6,"okay, I'm going to change partly to getName() for the sake of readability and obviousness, and I'm going to modify and bring into use the @spell annotation for description and alternate names(although class names will still be used if an alternate name is",3379205,"2012-08-11 17:54:25"
18785,171680,"1357565",6,"oops, that wasn't intended to be a tag.... oh well...",3379205,"2012-08-11 17:54:56"
18811,10058,"1357570",31,"No problem, I'll update them.",3379956,"2012-08-11 17:59:04"
18827,707,"1357578",8,"Don't know how that happened",3380549,"2012-08-11 18:21:03"
18827,707,"1357579",161,"Also don't know how this happened.",3380549,"2012-08-11 18:21:41"
18829,315523,"1357582",39,"ok shod",3380721,"2012-08-11 18:22:53"
18829,315523,"1357580",4,"ok shod\
",3380721,"2012-08-11 18:22:41"
18829,315523,"1357583",163,"ok shod",3380721,"2012-08-11 18:23:04"
18827,707,"1357588",96,"./tinyformat.h:557:31: warning: implicit conversion changes signedness: 'int' to 'unsigned int'\
      [-Wsign-conversion]\
                extraFlags &= ~Flag_SpacePadPositive;",3380549,"2012-08-11 18:26:14"
18827,707,"1357590",96,"C++11 allows you to specify the underlying type so you should be able to make it unsigned that way.",3380549,"2012-08-11 18:27:27"
18829,315523,"1357589",1,"ok shod",3380721,"2012-08-11 18:27:07"
18827,707,"1357593",17,"That works",3380549,"2012-08-11 18:31:45"
18827,707,"1357594",96,"It would also probably be better to use std::bit set",3380549,"2012-08-11 18:33:43"
14540,36873,"1357595",148,"Completely optional, but you could reduce branching logic we need to test with this: http://commons.apache.org/lang/api/org/apache/commons/lang3/BooleanUtils.html#toInteger(boolean, int, int)",3380970,"2012-08-11 18:35:18"
14540,36873,"1357597",161,"see above",3380970,"2012-08-11 18:36:10"
14540,36873,"1357596",145,"if you want to log anything, we should probably use a Log instance",3380970,"2012-08-11 18:36:01"
18838,104879,"1357604",113,"It looks like a copy/paste error here. A \"corrected\" issue is one that is referenced from SCM comments in a failed build, and are posted on the next successful build.",3381001,"2012-08-11 18:39:17"
18849,10404,"1357631",16,"Where did this test go?",3381422,"2012-08-11 19:09:52"
14130,9521,"1357630",80,"should add `if self.slides` to prevent `ZeroDivisionError` exception",3381449,"2012-08-11 19:09:48"
14130,9521,"1357633",83,"same",3381449,"2012-08-11 19:10:19"
18849,10404,"1357632",41,"Where did this test go?",3381422,"2012-08-11 19:10:07"
8112,96718,"1357634",28,"JavaDoc needs changing :P",2900652,"2012-08-11 19:13:04"
13697,26530,"1357650",55,"space around '-'",3381697,"2012-08-11 19:38:06"
18856,134368,"1357647",33,"what is recv?\
do you mean `i`",3381706,"2012-08-11 19:34:21"
13697,26530,"1357651",86,"I'd remove the blank line.",3381697,"2012-08-11 19:39:58"
18856,134368,"1357652",83,"hmm, any chance that this will fail with an infinite loop?",3381706,"2012-08-11 19:40:43"
13697,26530,"1357653",97,"Maybe move up top?",3381697,"2012-08-11 19:41:23"
13697,26530,"1357656",30,"    # The spanning tree has at most N + 1 edges.",3381697,"2012-08-11 19:42:32"
13697,26530,"1357657",34,"    # Set the sub diagonal to 1 to create a known spanning tree.",3381697,"2012-08-11 19:43:17"
13697,26530,"1357658",42,"Space after ','.",3381697,"2012-08-11 19:43:59"
13697,26530,"1357661",43,"Space after ','.",3381697,"2012-08-11 19:45:41"
18856,134368,"1357660",38,"I see some inconsistency in the naming for setup and teardown.\
become and unbecome are calls to perform something while whenFailing and whenRestarted are callbacks\
setup and teardown should perhaps be named whenSetup and whenTeardown to indicate that they",3381706,"2012-08-11 19:45:32"
13697,26530,"1357662",45,"Is the minimal spanning tree unique?",3381697,"2012-08-11 19:46:24"
18860,288612,"1357671",14,"As mentioned, those should be private and have a getter.",3381848,"2012-08-11 19:57:06"
18860,288612,"1357678",82,"There is a \
```java \
Bukkit.getScheduler()\
```\
No need to go over the Server instance.",3381848,"2012-08-11 20:05:52"
18798,78486,"1357681",181,"hmm, and what if two words in the document map to the same id?",3379542,"2012-08-11 20:12:12"
18860,288612,"1357683",35,"I actually meant a getter not a delegated method :)",3381847,"2012-08-11 20:15:48"
18860,38063,"1357684",35,"Yeah, but I only need to look things up that one way, so why expose the\
actual HashMap?\
\
Seamless improvements!",3381847,"2012-08-11 20:18:30"
18869,38189,"1357692",4,"Ah, thanks",159506,"2012-08-11 20:26:46"
18868,41932,"1357691",63,"I was wondering if I needed a fit() function that returned a results class instead of just having the fitted attributes as part of the model class.  However, l'd have a class with only a fit function and nothing else, which didn't seem right.  But, it mig",3382266,"2012-08-11 20:24:08"
8112,25570,"1357699",28,"oh man, I hate @simplyianm  for that..\
\
will change it after I get a go for this.",2900652,"2012-08-11 20:42:11"
18873,26729,"1357694",6,"I believe all the BitVector values are given names with the k prefix.\
For example, https://github.com/H-uru/libhsplasma/blob/master/core/PRP/Object/plObjInterface.cpp#L20",3382473,"2012-08-11 20:30:57"
18803,1804,"1357703",82,"about the declarations at top, there are some things that make sense in order to be consistent with the project style and \"bitly style\", even if I might not do that on a new, personal project",3379786,"2012-08-11 20:52:16"
18868,8329,"1357696",63,"Yeah I would return a results class from fit. The Model should at least have a fit and a predict method.",3382266,"2012-08-11 20:37:32"
18874,27507,"1357695",10,"If we need this, then I think it's a sign that we still need to override `system.file`",3382475,"2012-08-11 20:33:58"
