1,"tosch","Torsten Schönebaum","Adyton Systems AG","Leipzig, Germany","torsten.schoenebaum@web.de","2008-12-15 13:28:33","USR",0,0
2,"jmettraux","John Mettraux",\N,"Hiroshima, Japan","jmettraux@gmail.com","2008-03-22 01:37:42","USR",0,0
3,"SMGNMSKD","Islam Amer",\N,\N,"islam.amer@nokia.com","2012-08-03 18:08:15","USR",1,0
4,"kennethkalmer","Kenneth Kalmer","iSign.co.za","Johannesburg, South Africa","kenneth.kalmer@gmail.com","2008-04-28 19:25:53","USR",0,0
5,"weppos","Simone Carletti","","Italy, Rome","weppos@weppos.net","2008-04-06 10:44:35","USR",0,0
6,"anb","Brett Anthoine",\N,\N,"brett.anthoine@keylemon.com","2010-02-05 07:35:04","USR",0,0
7,"hasimo","Tohru Hashimoto ","anydoor inc","Tokyo/Japan","hasimo-t@any-door.com","2008-09-30 02:05:24","USR",0,0
8,"mschiller","Michael Schiller",\N,"Berlin","micha_xy@gmx.net","2010-03-26 05:57:36","USR",0,0
9,"ben-biddington","Ben Biddington","","Wellington, NZ","ben.biddington@gmail.com","2008-11-03 13:13:46","USR",0,0
10,"mcollina","Matteo Collina","Mavigex","Bologna, Italy","matteo.collina@gmail.com","2009-02-05 22:24:19","USR",0,0
11,"erwin","Kadoudal","webdufour","France","kadoudal@gmail.com","2008-05-30 14:25:28","USR",0,0
12,"lbt","David Greaves","Merlin Design Ltd","UK","david@dgreaves.com","2009-05-24 17:29:53","USR",0,0
13,"nandosola","Nando Sola","abstra.cc","Madrid, Spain","nando@robotchrist.com","2009-09-10 17:04:41","USR",0,0
14,"nanounanue","Adolfo De Unánue","","Mexico City, MX","adolfoaz@gmail.com","2010-11-24 06:43:29","USR",0,0
15,"efficientcloud","Efficient Cloud",\N,"London, UK & Vienna, Austria","team@efficientcloud.com","2011-03-11 10:22:49","ORG",0,0
16,"jbutkowski","Justin Butkowski",\N,\N,"jbutkowski@gmail.com","2011-06-27 08:22:45","USR",0,0
17,"miklophone","MR CHRIS","Hinterland","London, UK","chris@hinterland.nu","2008-04-07 09:18:28","USR",0,0
18,"developertown","Developer Town",\N,"Indianapolis, IN",\N,"2010-12-09 14:14:35","ORG",0,0
19,"rupakg","Rupak Ganguly","Hewlett Packard","Atlanta, Georgia, USA","rupakg@gmail.com","2008-04-22 17:33:56","USR",0,0
20,"metasync",\N,\N,\N,\N,"2009-06-17 12:12:54","USR",0,0
21,"jrluis","João Luís",\N,\N,"jrluis@gmail.com","2011-02-14 10:39:32","USR",0,0
22,"eivan","Ivan Eichhardt",\N,\N,"iffanka@gmail.com","2012-02-05 22:11:41","USR",0,0
23,"matplotlib","Matplotlib Developers",\N,\N,\N,"2010-03-04 18:24:32","ORG",0,0
24,"jswhit","Jeff Whitaker",\N,\N,"jswhit@fastmail.fm","2011-01-23 19:48:07","USR",0,0
25,"EEFWTAOU","Jeffrey Whitaker",\N,\N,"jswhit@github.com","2012-08-03 18:08:21","USR",1,0
26,"pigoz","Stefano Pigozzi","","Milano, Italy","stefano.pigozzi@gmail.com","2008-09-15 15:04:15","USR",0,0
27,"jimweirich","Jim Weirich","EdgeCase","Cincinnati","jim.weirich@gmail.com","2008-03-27 19:19:22","USR",0,0
28,"funkaster","Rolando Abarca","","San Francisco, CA","m@rolando.cl","2009-01-26 15:01:10","USR",0,0
29,"moadib","Marat Yakupov",\N,\N,"moadib73rus@gmail.com","2010-01-26 16:39:29","USR",0,0
30,"minggo","minggo",\N,"","ming@cocos2d-x.org","2010-11-19 09:06:45","USR",0,0
31,"cocos2d","cocos2d",\N,\N,"ricardoquesada+cocos2d@gmail.com","2010-03-31 17:58:08","USR",0,0
32,"dumganhar","James Chen","cocos2d-x team","Xiamen","jianhua.chen@cocos2d-x.org","2010-11-23 13:02:36","USR",0,0
33,"dualface","YuLei Liao","http://qeeplay.com/","China","dualface@gmail.com","2009-03-11 09:05:21","USR",0,0
34,"MDCMLLAQ","unknown",\N,\N,"imacdonald@.planetfred.internal","2012-08-03 18:08:33","USR",1,0
35,"dducharme","Dale Ducharme","Research In Motion",\N,"dducharme@rim.com","2011-10-25 16:04:34","USR",0,0
36,"edbartley","Ed Bartley","Flowerpot Games","Cary, NC","ed(dot)bartley(at)gmail(point)YouKnowWhat","2012-03-30 00:17:03","USR",0,0
37,"Klaim","Joël Lamotte",\N,"France","mjklaim@gmail.com","2009-10-20 18:24:33","USR",0,0
38,"tyrsha","tyrsha",\N,\N,"tyrsha@gmail.com","2012-05-09 10:07:00","USR",0,0
39,"ehooi","Taehyung Lim",\N,\N,"me@ehooi.net","2012-01-05 09:17:16","USR",0,0
40,"irwinb","Irwin Billing",\N,"San Jose, CA","irwin@cboxgames.com","2009-08-29 16:26:13","USR",0,0
41,"graphly","Irwin Billing",\N,\N,"irwin.billing@gmail.com","2012-05-13 08:05:00","USR",0,0
42,"pixonic","Pixonic",\N,"Russia, Moscow","tech@pixonic.ru","2011-07-14 17:10:55","ORG",0,0
43,"walzer","Walzer",\N,\N,"wangzhe at cocos2d-x.org","2010-07-27 05:56:42","USR",0,0
44,"PMGGIBNU","Nat Weiss",\N,\N,"nat@natweiss.com","2012-08-03 18:08:35","USR",1,0
45,"folecr","Surith Thekkiam",\N,\N,"folecr@gmail.com","2010-08-16 19:02:03","USR",0,0
46,"Drakonite","Jeffrey Soldan",\N,\N,"drakonite@gmail.com","2011-11-21 00:24:01","USR",0,0
47,"l4u","Leo Lou",\N,"Hong Kong, China","louyuhong@gmail.com","2009-06-22 16:13:10","USR",0,0
48,"vijaythakkar","Vijay Thakkar",\N,\N,"nozomiyume@gmail.com","2010-02-11 22:35:56","USR",0,0
49,"corefan",\N,\N,\N,\N,"2012-03-18 02:43:30","USR",0,0
50,"czhixin",\N,\N,\N,\N,"2011-07-16 13:05:16","USR",0,0
51,"jandujar","Jose Antonio","http://www.jandusoft.com","Spain","jandujar@jandujar.com","2011-04-24 21:22:49","USR",0,0
52,"tsanders","Tyler Sanders","Geocent","New Orleans, LA","tylerssanders@gmail.com","2010-01-13 15:56:07","USR",0,0
53,"robterrell","Rob Terrell",\N,\N,"robterrell@gmail.com","2009-05-28 21:55:25","USR",0,0
54,"skyblue","skyblue",\N,\N,"skyblue1984@gmail.com","2010-04-21 11:31:28","USR",0,0
55,"sloanwu","sloanwu","Shepherd","Xiamen, China","sloanwu@gmail.com","2010-04-04 15:21:49","USR",0,0
56,"Nicholas-Shen",\N,\N,\N,\N,"2011-03-02 15:37:08","USR",0,0
57,"simdm","de meng","MyPassion","beijing CHINA","linuxdm@gmail.com","2011-05-16 02:35:20","USR",0,0
58,"hcilab","Account for Github research","HCI lab at Yonsei University, Seoul, Korea","","sakool777@gmail.com","2012-04-04 05:12:28","USR",0,0
59,"jstahlba","jstahlba",\N,\N,"jstahlba@gmail.com","2012-06-09 16:28:14","USR",0,0
60,"gamefish","Bill Yang ","HTML5game Studio","Beijing, China","yuyuuyuuu@gmail.com","2011-01-08 02:39:42","USR",0,0
61,"dreamfrog","dreamfrog",\N,\N,"lzz_1983@hotmail.com","2012-02-13 04:25:03","USR",0,0
62,"minggo2",\N,\N,\N,\N,"2012-07-10 04:04:01","USR",0,0
63,"zj831007","Justin","baid-duokoo","Beijing","zj831007@163.com","2012-03-15 11:06:04","USR",0,0
64,"rohankuruvilla","rohankuruvilla",\N,\N,"rohankuruvilla@gmail.com","2010-03-11 11:00:07","USR",0,0
65,"NUBIC","Northwestern University Biomedical Informatics Center",\N,"Chicago, IL",\N,"2010-12-21 16:52:15","ORG",0,0
66,"sgonyea","Scott Gonyea","","Los Angeles, CA","me@sgonyea.com","2009-04-23 05:23:15","USR",0,0
67,"chapuni","NAKAMURA Takumi",\N,"Yokohama, Japan","geek4civic@gmail.com","2010-08-28 21:41:45","USR",0,0
69,"heroku","Heroku",\N,"San Francisco, CA","support@heroku.com","2008-09-04 20:53:06","ORG",0,0
70,"rafacm","Rafael Cordones Marcos",\N,"Vienna, Austria","rafael.cordones@plexiti.com","2010-07-22 05:58:01","USR",0,0
71,"markpasc","Mark Paschal","","Chattanooga, TN, USA","markpasc@markpasc.org","2008-08-06 00:03:31","USR",0,0
72,"Fluttershy","Fluttershy",\N,\N,"ecchisushi@gmail.com","2012-05-21 11:15:14","USR",0,0
73,"edvorg","Edward Knyshov",\N,\N,"edvorg@gmail.com","2012-03-04 14:30:31","USR",0,0
74,"abarocio80","Alejandro Barocio A.",\N,"Monterrey, Nuevo León, México","abarocio80@gmail.com","2011-06-04 19:15:13","USR",0,0
75,"thorlax402","David Thor",\N,"Boston, MA","thor.d@husky.neu.edu","2011-10-06 16:05:00","USR",0,1
76,"Offsite","Offsite",\N,\N,"RichardOfstie@hotmail.com","2012-03-11 22:43:18","USR",0,0
77,"naamannewbold","naaman","heroku","sf","naaman@heroku.com","2009-10-22 19:22:15","USR",0,1
78,"samuelclay","Samuel Clay","NewsBlur","San Francisco","samuel@ofbrooklyn.com","2009-01-05 04:46:08","USR",0,0
79,"sclasen","Scott Clasen","Heroku / salesforce.com","SF CA","scott@heroku.com","2010-12-14 21:28:39","USR",0,0
80,"chrisjaure","Chris Jaure",\N,"Green Bay","chrisjaure@gmail.com","2009-10-07 23:24:18","USR",0,0
81,"jsimone","John Simone","Heroku","San Francisco","john@heroku.com","2010-12-01 19:51:24","USR",0,0
82,"ES-DOC","Earth Science - Documentation",\N,\N,\N,"2012-02-07 09:58:59","ORG",0,0
84,"ryanbrainard","Ryan Brainard",\N,"San Francisco","brainard@heroku.com","2011-08-08 15:47:38","USR",0,0
85,"dismay46","Yura Shatilin",\N,\N,"yra.mind@gmail.com","2012-07-24 19:25:00","USR",0,0
86,"adammark","Adam Mark",\N,\N,"adammark75@gmail.com","2008-10-09 02:05:33","USR",0,0
87,"pyrovski","Peter Bailey",\N,\N,"peter.eldridge.bailey@gmail.com","2010-06-17 21:53:55","USR",0,0
88,"leoamigood","Leo Amigood",\N,\N,"github@amigood.com","2012-04-23 16:25:19","USR",0,0
89,"fbettag","Franz Bettag","Bettag Systems UG","Nuremberg, Germany","franz@bett.ag","2009-05-01 12:35:16","USR",0,0
90,"podarsmarty",\N,\N,\N,\N,"2012-07-18 16:24:14","USR",0,0
91,"vcherkassky","victor",\N,\N,"vcherkassky@gmail.com","2010-11-30 07:07:59","USR",0,0
92,"lstoll","Lincoln Stoll","Heroku","Berlin, Germany","lstoll@lstoll.net","2008-02-23 19:34:57","USR",0,0
93,"mbbx6spp","Susan Potter","Finsignia","Urbana, IL","me@susanpotter.net","2008-02-21 16:57:30","USR",0,0
102,"luislavena","Luis Lavena","AREA 17","Tucuman, Argentina","luislavena@gmail.com","2008-03-31 23:55:19","USR",0,0
107,"larskanis","Lars Kanis","Comcard","Germany","kanis@comcard.de","2010-01-04 17:18:27","USR",0,0
108,"mvz","Matijs van Zuijlen",\N,"Amsterdam, The Netherlands","matijs@matijs.net","2008-05-20 17:02:34","USR",0,0
109,"jfirebaugh","John Firebaugh","","San Francisco, CA","john.firebaugh@gmail.com","2009-06-24 20:01:39","USR",0,0
110,"jonforums","Jon",\N,\N,"jon.forums@gmail.com","2009-06-30 13:17:01","USR",0,0
111,"Itseez",\N,\N,\N,\N,"2012-05-28 18:25:33","USR",0,0
112,"jkammerl","jkammerl",\N,\N,"julius@kammerl.de","2012-06-01 00:25:42","USR",0,0
113,"kou","Kouhei Sutou","ClearCode Inc.","Tokyo, Japan","kou@clear-code.com","2008-10-02 23:17:52","USR",0,0
114,"IFLVQRUN","David Thor",\N,\N,"dc.thor@thing5.com","2012-08-03 18:09:01","USR",1,0
115,"jfinkhaeuser","Jens Finkhaeuser","","Colchester, UK","jens@finkhaeuser.de","2010-02-15 11:34:17","USR",0,0
116,"cuda-geek","",\N,\N,"marina.kolpakova@itseez.com","2012-03-09 00:59:21","USR",0,0
117,"PWECTPIN","libra guest",\N,\N,"offsite_ric@hotmail.com","2012-08-03 18:09:02","USR",1,0
118,"bytefish","Philipp Wagner",\N,\N,"bytefish@gmx.de","2010-04-08 08:17:54","USR",0,0
129,"tenderlove","Aaron Patterson",\N,"Seattle","aaron.patterson@gmail.com","2008-03-14 20:04:17","USR",0,0
133,"FUNJRRXO","Yura",\N,\N,"dismay@localhost.localdomain","2012-08-03 18:09:02","USR",1,0
134,"fffff","dismay",\N,\N,"ff@hotmail.com","2011-02-09 13:05:52","USR",0,0
135,"YYJXSXMA","dismay",\N,\N,"dismay46@hotmail.com","2012-08-03 18:09:03","USR",1,0
136,"gpjt","Giles Thomas","Resolver Systems Ltd","London, UK","giles@giles.net","2009-09-21 22:14:54","USR",0,0
137,"ppcinside","gR3Y",\N,\N,"ppc.inside@gmail.com","2012-07-24 11:48:16","USR",0,0
138,"hisohito","Julia",\N,"russia","julia.shatilina@gmail.com","2012-03-11 11:18:28","USR",0,0
139,"kerolasa","Sami Kerola","TomTom International B.V.","the Netherlands","kerolasa@iki.fi","2011-01-19 11:16:34","USR",0,0
140,"SnowblindFatal","SnowblindFatal",\N,\N,"fatality@gmail.com","2011-09-21 15:56:24","USR",0,0
141,"HHWCOUWI","Leo Amigood",\N,\N,"1stdibs@amigood.com","2012-08-03 18:09:04","USR",1,0
142,"github","GitHub",\N,"San Francisco, CA","support@github.com","2008-05-11 04:37:31","ORG",0,0
143,"timfel","Tim Felgentreff",\N,"Potsdam, Germany","timfelgentreff@gmail.com","2009-01-13 12:10:44","USR",0,0
144,"villadora","Wei Gao","Morgan Stanley","Shanghai,China","jky239@gmail.com","2011-04-12 14:48:21","USR",0,0
145,"Mirocow","Mirocow",\N,\N,"mr.mirocow@gmail.com","2010-08-26 03:03:57","USR",0,0
146,"luisparravicini","Luis Parravicini","","Necochea, Argentina","lparravi@gmail.com","2009-01-08 20:15:38","USR",0,0
147,"gregschoen","Greg Schoen",\N,"Green Bay, WI","greg.schoen@gmail.com","2010-06-13 06:36:47","USR",0,0
148,"mathewpeterson","Mathew Peterson","CyberZone, Inc. ","Marinette, WI","cpress@gmail.com","2010-02-13 21:03:59","USR",0,0
149,"Goulie81","Chad Gloyd",\N,\N,"gloydchad@yahoo.com","2011-09-27 19:16:33","USR",0,0
150,"myabc","Alex Coles","Payango GmbH","Berlin, Germany","alex@alexbcoles.com","2008-02-24 19:04:05","USR",0,0
152,"gruenewa","Alexander Grünewald","Hypoport AG","Berlin, Germany","alexander.gruenewald@gmail.com","2010-09-07 17:28:39","USR",0,0
153,"nitram509","nitram509",\N,\N,"maki@bitkings.de","2011-11-11 21:32:15","USR",0,0
154,"wallysalami","wallysalami",\N,\N,"janksiqueira@gmail.com","2012-08-02 14:46:15","USR",0,0
155,"YAKDLRTA","dcthor",\N,\N,"dcthor@192.168.1.102","2012-08-03 18:09:06","USR",1,0
156,"YRELAPMV","lamigud",\N,\N,"lamigud@condenast.com","2012-08-03 18:09:06","USR",1,0
157,"OYNTNHMQ","Harald Hoyer",\N,\N,"harald@redhat.com","2012-08-03 18:09:06","USR",1,0
158,"karelzak","Karel Zak",\N,\N,"kzak@redhat.com","2011-09-07 04:50:10","USR",0,0
159,"angular",\N,\N,"",\N,"2009-10-13 22:16:19","ORG",0,0
160,"RayKwon","Ray H.J Kwon","GE Healthcare Korea Technology Center","Korea","nicekhj@gmail.com","2011-07-03 04:23:08","USR",0,0
161,"macmade","Jean-David Gadina","eosgarden","Switzerland","macmade@eosgarden.com","2009-10-29 20:14:38","USR",0,0
162,"XEDSMBUO","Scott Gonyea",\N,\N,"sgonyea@truecar.com","2012-08-03 18:09:06","USR",1,0
163,"roycyang","Roy Yang","NewsBlur, Inc.","San Francisco and NYC","roy@newsblur.com","2010-09-22 18:47:50","USR",0,0
164,"bernhard-voelker","Bernhard Voelker",\N,\N,"mail@bernhard-voelker.de","2013-08-23 11:39:51","USR",0,0
165,"ryanbateman","Ryan Bateman",\N,"Toronto, Canada","ryan.bateman@gmail.com","2011-12-02 15:47:49","USR",0,0
166,"powmedia","Charles Davison","Pow! Media","London","charlie@powmedia.co.uk","2010-07-28 16:33:08","USR",0,0
167,"ORBEJEDK","Leo Amigood",\N,\N,"leo@1stdibs.com","2012-08-03 18:09:06","USR",1,0
168,"justindarc","Justin D'Arcangelo",\N,"Johnstown, PA","justindarc@gmail.com","2010-02-21 01:31:57","USR",0,0
169,"Liberty-Concepts","Liberty Concepts",\N,"Boston, MA",\N,"2012-01-30 17:46:33","ORG",0,0
170,"allynt","allynt",\N,\N,"allyn.treshansky@noaa.gov","2012-03-16 03:56:52","USR",0,0
171,"chayes627","Clayton",\N,"MD",\N,"2012-07-28 15:42:48","USR",0,0
172,"gregskloot",\N,\N,"Boston, MA",\N,"2012-07-28 16:46:20","USR",0,0
173,"tijsverkoyen","Tijs Verkoyen","SumoCoders","Ghent","tijs@verkoyen.eu","2010-04-22 17:19:53","USR",0,0
174,"smagnani","Steven J. Magnani",\N,\N,"steve@digidescorp.com","2014-05-08 01:50:52","USR",0,0
175,"knot","Petr Uzel","SUSE Linux","Prague","petr.uzel@suse.cz","2008-11-18 21:45:50","USR",0,0
176,"jonpry","Jon Pry",\N,\N,"jonpry@gmail.com","2011-09-08 17:48:12","USR",0,0
177,"XLFGAECO","Déja",\N,\N,"deja@libertyconcepts.com","2012-08-03 18:09:07","USR",1,0
178,"kubitron","John Kubiatowicz","UC Berkeley",\N,"kubitron@cs.berkeley.edu","2011-10-07 03:13:10","USR",0,0
179,"mbroz","Milan Broz",\N,\N,"mbroz@redhat.com","2012-02-09 16:13:10","USR",0,0
180,"chenniaoc","chenniaoc",\N,\N,"959538@gmail.com","2010-07-02 05:36:27","USR",0,0
181,"hpc","hpc",\N,"Los Alamos, NM","github-hpc@lanl.gov","2011-08-03 21:42:57","ORG",0,0
182,"LANLgrahamvh","Graham Van Heule","Los Alamos National Laboritory",\N,"grahamvh@lanl.gov","2012-07-31 17:49:15","USR",0,0
183,"Wylmer","Wylmer Wang",\N,\N,"wantinghard@gmail.com","2012-05-29 12:48:08","USR",0,0
184,"xdissent","Greg Thornton","","East Nashville, TN","xdissent@me.com","2009-06-27 00:56:11","USR",0,0
185,"vnwildman","Trần Ngọc Quân",\N,"Vietnam","vnwildman@gmail.com","2010-12-04 00:48:06","USR",0,0
186,"Bronsa","Nicola Mometto",\N,\N,"brobronsa@gmail.com","2009-11-05 19:00:08","USR",0,0
187,"smoens","smoens",\N,\N,"sarah_m@telenet.be","2012-01-23 15:48:21","USR",0,0
188,"YPIDIFSI","Benno Schulenberg",\N,\N,"benno@vertaalt.nl","2012-08-03 18:09:08","USR",1,0
189,"hmason","Hilary Mason","Bitly","New York, NY","hmason@quasika.net","2008-07-22 17:55:09","USR",0,0
190,"jkonttinen","jkonttinen",\N,\N,"jkonttinen@gmail.com","2012-06-24 11:27:29","USR",0,0
191,"6a68","jared hirsch","Mozilla","Bay Area","ohai@6a68.net","2009-06-17 18:11:52","USR",0,0
192,"QJEFSRVW","David Prévot",\N,\N,"david@tilapin.org","2012-08-03 18:09:09","USR",1,0
193,"arunpersaud","Arun Persaud",\N,\N,"arun@nubati.net","2010-10-03 20:54:29","USR",0,0
194,"samtubbax","Sam Tubbax","Sumocoders",\N,"sam@sumocoders.be","2011-08-16 10:16:47","USR",0,0
195,"GYRGIJPL","JS",\N,\N,"email@fatality.gmail","2012-08-03 18:09:09","USR",1,0
196,"dave007","Davidlohr Bueso",\N,\N,"dave@gnu.org","2009-12-28 13:05:28","USR",0,0
197,"gcymbalski","Greg Cymbalski",\N,"Seattle, WA","cymbalski@gmail.com","2011-07-14 21:05:05","USR",0,0
198,"SQiShER","Daniel Bechler",\N,"Berlin, Germany","mail@danielbechler.de","2010-08-19 14:36:09","USR",0,0
199,"ericpaulbishop","Eric Bishop",\N,"Boston, MA","ericpaulbishop@gmail.com","2010-04-24 21:35:13","USR",0,0
200,"jman01","jman01",\N,\N,"jdprpi+github@gmail.com","2012-02-23 03:26:06","USR",0,0
201,"Jehreg","Patrick Naubert",\N,\N,"patrickn@xelerance.com","2009-12-29 19:09:57","USR",0,0
202,"shane-tomlinson","Shane Tomlinson","Mozilla","London, UK","stomlinson@mozilla.com","2011-06-13 22:11:12","USR",0,0
203,"seanmonstar","Sean McArthur","Mozilla","Orange County, California","sean.monstar@gmail.com","2009-02-03 18:09:59","USR",0,0
204,"Roejames12","IceArmy",\N,\N,"roejames12@hotmail.com","2011-03-14 16:37:48","USR",0,1
205,"frasten","Andrea Piccinelli",\N,"Brescia, Italy","frasten@gmail.com","2009-07-12 00:56:54","USR",0,0
206,"bnlawrence","Bryan Lawrence","NCAS",\N,"b.n.lawrence@reading.ac.uk","2012-05-30 10:09:04","USR",0,0
207,"PKNSUCLR","jman01",\N,\N,"jdp@pangolin.(none)","2012-08-03 18:09:11","USR",1,0
208,"alexgorbatchev","Alex Gorbatchev",\N,"San Francisco, CA","alex.gorbatchev@gmail.com","2009-03-21 22:35:40","USR",0,0
209,"jsaarela",\N,\N,\N,\N,"2012-06-04 09:13:35","USR",0,0
210,"Hashcode","Hashcode",\N,"Los Angeles, CA","hashcode0f@gmail.com","2011-09-13 05:43:53","USR",0,0
212,"joselee","Jose Lee",\N,\N,"joselee@conmio.com","2012-04-13 10:38:45","USR",0,0
214,"luisibanez","Luis Ibanez","KITWARE, Inc.","Clifton Park, NY","luis.ibanez@kitware.com","2010-04-05 22:47:41","USR",0,0
215,"whitten","whitten",\N,\N,"whitten@netcom.com","2011-12-05 20:59:52","USR",0,0
216,"fredwu","Fred Wu","Wuit","Melbourne, Australia (Shanghai, China)","ifredwu@gmail.com","2008-10-31 04:34:48","USR",0,0
217,"lloyd","Lloyd Hilaiel","Mozilla","Denver, Colorado","lloyd@hilaiel.com","2008-12-09 19:59:59","USR",0,0
218,"oipn4e2","Xiao Jia","Shanghai Jiao Tong University","Shanghai, China","stfairy@gmail.com","2010-02-04 01:34:34","USR",0,1
219,"fmpwizard","Diego Medina","Elemica Inc.","Etowah, NC","diego@fmpwizard.com","2009-03-12 15:41:52","USR",0,0
224,"lehoff","Torben Hoffmann",\N,\N,"torben.lehoff@gmail.com","2010-01-30 21:10:38","USR",0,0
225,"eriksoe","Erik Søe Sørensen","Trifork","Aarhus","ess@trifork.com","2010-01-14 03:10:19","USR",0,0
226,"LGVWLQAR","noyb",\N,\N,"abcdefg@abcdefg.com","2012-08-03 18:09:15","USR",1,0
227,"XSMBKHQF","Paul Keeble",\N,\N,"csuml@yahoo.co.uk","2012-08-03 18:09:16","USR",1,0
229,"geoffeg","Geoffrey Gallaway","Answers","St. Louis, MO","github@geoffeg.org","2010-01-20 16:59:06","USR",0,0
230,"laforge49","Bill La Forge",\N,"Bangalore, India","laforge49@gmail.com","2011-06-11 05:51:36","USR",0,0
231,"studiomaestro","Masakazu Ishibashi","Studiomaestro.org","Nakano,Tokyo","martin@studiomaestro.org","2010-04-03 03:00:30","USR",0,0
232,"hide-nowhere",\N,\N,\N,\N,"2011-12-26 08:38:17","USR",0,0
233,"machisuji","Markus Kahl","Finn GmbH","Berlin, Germany","m.kahl@finn.de","2009-11-27 13:47:21","USR",0,0
234,"carueda","Carlos Rueda","MBARI",\N,"carueda@mbari.org","2011-01-10 23:27:54","USR",0,0
235,"RKMFYBQR","macmade",\N,\N,"macmade@3bd1b429-9acf-47ba-a7e8-deaaa5b9a57b","2012-08-03 18:09:18","USR",1,0
236,"IPLBFXAI","macmade@eosgarden.com",\N,\N,"macmade@eosgarden.com@3bd1b429-9acf-47ba-a7e8-deaaa5b9a57b","2012-08-03 18:09:19","USR",1,0
237,"ACMCGQAN","(no author)",\N,\N,"(no author)@3bd1b429-9acf-47ba-a7e8-deaaa5b9a57b","2012-08-03 18:09:19","USR",1,0
238,"urbanski","Will",\N,"","0x855D3D0C74E9BD79","2010-03-08 14:21:47","USR",0,0
239,"griffithchaffee","Griffith Chaffee",\N,\N,"griffithchaffee@gmail.com","2011-12-26 15:24:42","USR",0,0
240,"kanishkaganguly","Kanishka Ganguly",\N,\N,"kanishkaganguly2002@gmail.com","2012-03-25 06:17:51","USR",0,0
242,"howiworkdaily","Kevin",\N,"NYC/NJ","kevin@howiworkdaily.com","2008-04-29 00:51:51","USR",0,0
243,"timepilot",\N,\N,\N,\N,"2009-04-25 17:27:19","USR",0,0
244,"ChrisRicca","Chris Ricca","GameChanger","Brooklyn, NY","christopher.ricca@gmail.com","2008-06-16 15:55:33","USR",0,0
245,"jefftriplett","Jeff Triplett","Revolution Systems","Lawrence, KS","jeff.triplett@gmail.com","2009-01-30 17:42:25","USR",0,0
246,"jasonmelgoza","Jason Melgoza","UC Merced","Fresno","jasonmelgoza@gmail.com","2009-05-29 18:20:22","USR",0,0
247,"philippWassibauer","Philipp Wassibauer","gidsy.com","Berlin, Germany","phil@gidsy.com","2008-09-02 11:52:29","USR",0,0
248,"matagus","agustín méndez","Streema","Buenos Aires, Argentina","matagus@gmail.com","2009-02-27 10:45:55","USR",0,0
249,"benmur","Rached Ben Mustapha",\N,"","rached@benmur.net","2009-08-18 08:58:54","USR",0,0
250,"EJMREDUO","Jakob Stoklund Olesen",\N,\N,"stoklund@2pi.dk","2012-08-03 18:09:24","USR",1,0
251,"ggreif","Gabor Greif",\N,\N,"ggreif@gmail.com","2012-01-07 21:00:11","USR",0,0
252,"AAJAIMDH","Eric Christopher",\N,\N,"echristo@apple.com","2012-08-03 18:09:25","USR",1,0
253,"HWPCNFBQ","Bob Wilson",\N,\N,"bob.wilson@apple.com","2012-08-03 18:09:25","USR",1,0
254,"VEJMTTPM","Jush Lu",\N,\N,"jush.msn@gmail.com","2012-08-03 18:09:26","USR",1,0
255,"isanbard","Bill Wendling",\N,\N,"isanbard@gmail.com","2011-08-16 03:57:02","USR",0,0
256,"JTVJMBSK","Richard Trieu",\N,\N,"rtrieu@google.com","2012-08-03 18:09:26","USR",1,0
257,"CBQDFYMY","Jim Grosbach",\N,\N,"grosbach@apple.com","2012-08-03 18:09:27","USR",1,0
259,"djacobs","David Jacobs","","New York City","djacobs@gmail.com","2008-12-23 05:28:57","USR",0,0
261,"estani","estani@tux14",\N,\N,"estanislao.gonzalez@met.fu-berlin.de","2012-01-15 16:53:38","USR",0,0
262,"slouis","Sébastien LOUIS",\N,\N,"louis.sebastien@gmail.com","2010-08-01 14:21:40","USR",0,0
263,"gerardgavy","Gerard Devine",\N,\N,"gerarddevine@gmail.com","2013-04-30 06:10:44","USR",0,0
264,"heliostatic","Ben Cohen",\N,"San Francisco, CA","ben@bencohen.net","2009-04-06 07:06:36","USR",0,0
266,"diegopacheco","Diego Pacheco","Crom Microsystems","Porto Alegre, RS - Brazil","diego.pacheco.it@gmail.com","2009-08-31 01:05:23","USR",0,0
268,"laogao","Sean Gao",\N,"Shanghai, China","gaoyuxiang@gmail.com","2009-03-30 07:41:43","USR",0,0
269,"jgoodsen","John Goodsen","http://radsoft.com","New York City","message me at github","2008-07-09 14:31:19","USR",0,0
271,"Sidnicious","Sidney San Martín","OkCupid","The New York metropolitan area","hello@sidneysm.com","2009-08-04 17:13:44","USR",0,0
272,"yui","YUI Library",\N,"Sunnyvale, CA","build@yuilibrary.com","2008-12-04 01:46:11","ORG",0,0
273,"lzell","Lou Zell","Joypad","San Francisco, CA","lzell11@gmail.com","2008-11-22 01:45:59","USR",0,0
274,"bizgems",\N,\N,\N,\N,"2011-12-23 07:57:45","USR",0,0
276,"soe","Soe",\N,\N,"soe@soe.im","2010-05-19 20:48:23","USR",0,0
277,"fractal","Fernando Racca",\N,"London","fracca@gmail.com","2009-09-11 12:57:19","USR",0,0
278,"raptrex","Jonathan Yee",\N,\N,"raptrex@gmail.com","2009-04-29 23:02:52","USR",0,1
283,"d4rkang3l","Iulian Dumitru",\N,\N,"dumitruiulian@gmail.com","2011-07-30 12:55:11","USR",0,0
284,"momipsl","Mark Morgan","Institut Pierre Simon Laplace","Paris","momsipl@ipsl.jussieu.fr","2011-12-16 09:57:52","USR",0,0
285,"rebx","Rebs Guarina",\N,\N,"rebs.guarina@gmail.com","2009-07-15 22:16:00","USR",0,0
286,"stephenpascoe","Stephen Pascoe","STFC",\N,"Stephen.Pascoe@stfc.ac.uk","2011-03-18 16:40:07","USR",0,0
287,"dnordberg","Daniel Nordberg",\N,"London","dnordberg@gmail.com","2008-06-27 19:29:53","USR",0,0
288,"redaready","redaready",\N,\N,"fabienow@gmail.com","2009-08-18 22:16:32","USR",0,0
289,"thomasl","Thomas Lindgren",\N,"Stockholm","u.thomas.lindgren@gmail.com","2008-09-23 21:22:03","USR",0,0
291,"agilelion","Jospeh Hurtado",\N,\N,"joseph@agilelion.com","2012-05-23 20:30:06","USR",0,0
294,"zygote","Mike","","","zygote@gmail.com","2008-02-25 17:01:21","USR",0,0
296,"hokkos","hokkos",\N,\N,"hokkos@gmail.com","2010-06-15 11:24:14","USR",0,0
297,"interesse","",\N,\N,"herrmann.jens@gmail.com","2008-12-07 13:19:16","USR",0,0
299,"mahipal","Mahipal Raythattha","ClassPager","San Francisco, CA","mahipalr@gmail.com","2009-08-25 22:24:49","USR",0,0
300,"plokhotnyuk","Andriy Plokhotnyuk",\N,\N,"plokhotnyuk@gmail.com","2011-07-02 11:07:47","USR",0,0
301,"folone","Georgii Leontiev","thenewmotion","Kiev, Ukraine","g.leontiev@thenewmotion.com","2010-08-16 16:15:49","USR",0,0
302,"equus12","Choi","","","joohee27+test1@gmail.com","2012-04-16 09:13:33","USR",0,0
303,"Marak","Marak","Nodejitsu","Internet Jail","support@marak.com","2009-04-03 03:34:57","USR",0,0
304,"jdavis","Josh Davis",\N,"Iowa","joshuadavis42@gmail.com","2009-11-24 22:39:39","USR",0,0
305,"nire","Nicolas Rémond","","Geneva, Switzerland","nremond+github@gmail.com","2011-02-04 08:57:53","USR",0,0
306,"shenoudab","Shenouda Bertel","MobiThought","Egypt","sbertel@mobithought.com","2008-02-26 08:25:24","USR",0,0
307,"stonegao","Stone Gao","Innovation Works","Beijing","stones.gao@gmail.com","2008-12-22 11:19:45","USR",0,0
308,"jsilence","jsilence",\N,\N,"github@jsilence.org","2010-04-23 09:43:13","USR",0,0
309,"dgkim84","Daegeun Kim",\N,"Seoul, Korea","dgkim84@gmail.com","2010-09-01 09:05:21","USR",0,0
310,"gaustin","Grant Austin",\N,"Helena, MT","gaustin@gmail.com","2008-04-08 13:10:05","USR",0,0
311,"ludovicc","Ludovic Claude",\N,\N,"ludovic.claude@laposte.net","2009-07-14 19:38:13","USR",0,0
313,"cgst","cgst",\N,\N,"strat.cristian@gmail.com","2009-07-04 11:37:01","USR",0,0
314,"jonathanchu","Jonathan Chu",\N,"New York, NY","jonathan.chu@me.com","2009-03-23 18:16:40","USR",0,0
315,"gkamp","Gerd Kamp",\N,"","gkamp@acm.org","2009-06-02 06:21:14","USR",0,0
316,"adamgotterer","Adam Gotterer","VP of Engineering @ Lot18","New York, NY","agotterer@gmail.com","2010-03-16 02:04:00","USR",0,0
317,"jbeluch","Jonathan Beluch","Squarespace","nyc","web@jonathanbeluch.com","2010-02-12 15:09:16","USR",0,0
318,"mt3","mt3","","vancity/detroit","dreamabyss@hotmail.com","2010-03-21 14:25:55","USR",0,0
319,"jibs","jibs",\N,\N,"jibran.s+gh@gmail.com","2010-01-20 17:06:40","USR",0,0
320,"jesperes","Jesper Eskilson","IAR Systems AB","Uppsala, Sweden","jesper@eskilson.se","2010-06-21 18:53:37","USR",0,0
321,"igorette","Igorette",\N,\N,"igor@doomicile.de","2008-08-25 08:29:35","USR",0,0
322,"teknikqa","Nick Mathew",\N,"Lexington, MA","nick@nm7.org","2009-07-02 16:22:44","USR",0,0
323,"crunchorn","crunchorn",\N,\N,"crunchorn@prokonto.pl","2009-10-30 21:57:13","USR",0,0
324,"QQMFPOXL","Vadim Pisarevsky",\N,\N,"vadim.pisarevsky@itseez.com","2012-08-03 18:09:27","USR",1,0
325,"joshbohde","Josh Bohde","","Kansas City, MO","josh@joshbohde.com","2009-02-26 15:21:27","USR",0,0
326,"dkeskar","Dhananjay Keskar","memamsa","Portland, OR","dkeskar@memamsa.com","2009-04-21 06:15:03","USR",0,0
327,"VWAVTPWE","Matt Beaumont-Gay",\N,\N,"matthewbg@google.com","2012-08-03 18:09:27","USR",1,0
328,"savage69kr","Joohun, Maeng",\N,\N,"savage69kr@gmail.com","2009-02-13 08:32:53","USR",0,0
329,"jotun",\N,\N,\N,\N,"2010-08-23 22:06:27","USR",0,0
330,"mopemope","Yutaka Matsubara","Abby","Tokyo","yutaka.matsubara@gmail.com","2008-08-31 10:37:20","USR",0,0
331,"ryuuzaki",\N,\N,"KL",\N,"2009-07-10 10:36:36","USR",0,0
332,"adkdev","",\N,\N,"adkdev@gmail.com","2010-03-03 11:20:46","USR",0,0
333,"johndbritton","John Britton",\N,"New York","public@johndbritton.com","2009-09-04 18:06:13","USR",0,0
335,"danielbachhuber","Daniel Bachhuber",\N,"Portland, OR","d@danielbachhuber.com","2008-11-24 20:58:38","USR",0,0
336,"arasue",\N,\N,"santa clara, ca",\N,"2010-08-30 19:02:41","USR",0,0
337,"albertsun","Albert Sun","The New York Times","New York, NY","Albert.Sun@nytimes.com","2010-09-01 03:36:48","USR",0,0
338,"tsukkee","Takayuki Tsukitani",\N,"Osaka, Japan","takayuki0510@gmail.com","2008-05-09 01:00:17","USR",0,0
339,"aparo","Alberto Paro","The Net Planet","Solaro","aparo@ingparo.it","2008-10-08 07:19:39","USR",0,0
340,"chief3rd","chief3rd",\N,\N,"bnisbett@gmail.com","2008-05-13 15:04:22","USR",0,0
341,"bobdia","Robert Diaes","Disattention Labs","Elsewhere","github@disattention.com","2010-05-04 00:48:23","USR",0,0
342,"greglinch","Greg Linch","The Washington Post","DC / Arlington, Va.","greglinch@gmail.com","2010-07-09 20:11:52","USR",0,0
343,"joshleitzel","Josh Leitzel",\N,\N,"joshleitzel@gmail.com","2009-08-28 01:27:12","USR",0,0
344,"davemerwin","Dave Merwin","Pure Blue, ORCAS","Eugene, OR","dave@davemerwin.com","2008-02-28 05:25:14","USR",0,0
345,"trueitalic","Rob Hunter","GameChanger","Brooklyn","info@trueitalic.com","2008-11-13 01:59:40","USR",0,0
346,"stan","stan Mazurek",\N,"Tokyo, Japan","stan@mazurek.me","2008-02-28 13:20:59","USR",0,0
348,"orlin","Orlin M Bozhinov","Astrolet","Varna, Bulgaria","om@soundsapiens.com","2008-03-06 18:49:30","USR",0,0
349,"virgild","virgil","","Canada","virgil@thehumblepie.com","2008-03-04 17:46:27","USR",0,0
350,"pius","Pius Uzamere","","San Francisco, CA","pius+github@alum.mit.edu","2008-02-18 17:00:18","USR",0,0
351,"dimitrisli","Dimitris",\N,"London, UK","dimitrisli@gmail.com","2010-06-20 18:10:40","USR",0,0
352,"stephencelis","Stephen Celis","Recurly","San Francisco, CA","me@stephencelis.com","2008-02-22 22:26:04","USR",0,0
353,"yiningzhao","Yining Zhao",\N,"","yining@yiningzhao.info","2010-09-11 22:29:32","USR",0,0
354,"brandono",\N,\N,\N,\N,"2010-08-13 20:04:26","USR",0,0
355,"christkv","Christian Amor Kvalheim","10Gen.com","Barcelona, Spain","christkv@gmail.com","2008-04-07 11:38:20","USR",0,0
356,"vitohuang","Vito huang",\N,"Bath, UK","vito.vvsh.huang@gmail.com","2009-02-14 14:05:15","USR",0,0
357,"malditogeek","Mauro Pompilio","http://forward.co.uk","London, UK","hackers.are.rockstars@gmail.com","2008-06-23 19:47:18","USR",0,0
358,"gowthaman-basuvaraj",\N,\N,\N,\N,"2009-08-20 06:46:35","USR",0,0
359,"imtapps","Henry",\N,\N,"toran.billups@theimtgroup.com","2011-06-13 18:32:20","USR",0,0
360,"asmorkalov","Alexander Smorkalov",\N,\N,"alexander.smorkalov@itseez.com","2012-11-12 19:12:27","USR",0,0
361,"devjones","Dev Jones",\N,\N,"devjones100@gmail.com","2010-07-13 16:12:18","USR",0,0
363,"FR6","FR6",\N,\N,"colt450+fh@gmail.com","2010-05-25 14:20:37","USR",0,0
364,"fmu",\N,\N,\N,\N,"2008-08-25 09:54:41","USR",0,0
365,"jet47","Vladislav Vinogradov","Itseez","Nizhny Novgorod","vlad.vinogradov@itseez.com","2012-05-22 17:20:19","USR",0,0
366,"taoeffect","Greg Slepak","Tao Effect","Miami, FL","contact@taoeffect.com","2009-10-12 14:32:14","USR",0,0
367,"IWSDQNXY","Manman Ren",\N,\N,"mren@apple.com","2012-08-03 18:09:27","USR",1,0
368,"joshkim","Josh Kim","HanMeta, LLC","Las Vegas, NV","joshkim@gmail.com","2008-03-07 16:50:31","USR",0,0
369,"fozbaca","Brian Lauer",\N,\N,"fozbaca@gmail.com","2008-10-23 01:11:04","USR",0,0
370,"Bigcheese","Michael Spencer","","Redwood City, CA","bigcheesegs@gmail.com","2010-06-10 08:01:21","USR",0,0
371,"jeffmincey","Jeff Mincey",\N,\N,"jeff@mincey.com","2009-08-03 22:36:17","USR",0,0
372,"mjrusso","Michael J. Russo","Polar Mobile","Toronto, Ontario","mjrusso@gmail.com","2009-06-30 19:59:53","USR",0,0
373,"denimboy","Dennis Watson","Craigslist","San Francisco","dennis.watson@gmail.com","2009-05-28 20:19:35","USR",0,0
374,"marshallmick007","marshallmick007",\N,"Portland, Ore","marshallmick@gmail.com","2009-08-18 14:46:29","USR",0,0
375,"ametade","Rodrigo Pinheiro",\N,\N,"ametade@gmail.com","2009-12-18 18:29:52","USR",0,0
376,"tianyicui","Tianyi Cui","Zhejiang University","Hangzhou, China","tianyicui@gmail.com","2009-02-09 14:50:20","USR",0,0
377,"alisey","Alexey Lebedev","deviantART, Inc.","Zaporozhye, Ukraine","alisey.login@gmail.com","2010-09-25 06:25:44","USR",0,0
378,"axiomsofchoice","Dan Hagon","Digital Science","London","axiomsofchoice@gmail.com","2009-10-07 19:47:37","USR",0,0
379,"MasterLambaster","Alex","Ideeli ",\N,"masterlambaster@gmail.com","2009-10-02 18:14:03","USR",0,0
380,"SnippyHolloW","syhw","Collège de France, INRIA Rhône-Alpes, Grenoble University","Paris","gabriel.synnaeve@gmail.com","2009-02-24 18:02:47","USR",0,0
382,"bencaron","Benoit Caron",\N,"Montreal, Quebec, Canada","benoit.caron@cakemail.com","2009-11-24 17:32:06","USR",0,0
383,"olauzon","Olivier Lauzon","","New York, NY","olauzon@gmail.com","2008-08-01 16:28:55","USR",0,0
384,"shauntrennery","Shaun Trennery",\N,\N,"shaun.trennery@gmail.com","2009-06-25 12:23:51","USR",0,0
385,"slig","Tiago Serafim",\N,\N,"tserafim@gmail.com","2008-12-02 13:06:53","USR",0,0
386,"tosh","Thomas Schranz","blossom.io","Vienna, Europe","tosh@blossom.io","2008-06-24 09:58:44","USR",0,0
387,"cyberlabe",\N,\N,\N,\N,"2010-05-23 09:28:14","USR",0,0
388,"kjbekkelund","Kim Joar Bekkelund","BEKK","Oslo","kjbekkelund@gmail.com","2008-04-05 08:18:58","USR",0,0
389,"cameronpriest","Cameron Priest","TradeGecko","Singapore","cameron@tradegecko.com","2009-04-01 23:48:07","USR",0,0
390,"francois2metz","François de Metz","Stormz","Paris, France","francois@2metz.fr","2009-05-20 10:01:53","USR",0,0
391,"peterc","Peter Cooper","","Cambridge, UK","git@peterc.org","2008-02-02 01:00:36","USR",0,0
392,"superfeedr","Superfeedr.com","Notifixious","Earth!","superfeedr@superfeedr.com","2009-05-11 21:20:36","USR",0,0
393,"kenkyhuang","kenkyhuang",\N,\N,"ken.kyhuang@gmail.com","2010-11-04 15:45:17","USR",0,0
394,"pculture","Participatory Culture Foundation",\N,\N,\N,"2011-07-12 17:44:31","ORG",0,0
395,"nikcub","Nik Cubrilovic",\N,"","nikcub@gmail.com","2010-10-16 11:28:56","USR",0,0
396,"p4bl0","Pablo Rauzy","","Marseille, FR","r@uzy.me","2009-01-19 00:55:43","USR",0,0
397,"badri","Lakhmi Narasimhan",\N,"","badri.dilbert@gmail.com","2008-12-21 17:15:52","USR",0,0
398,"PCF-Testing","Margarita Shamraeva",\N,\N,"m.shamraeva@gmail.com","2010-05-27 08:44:17","USR",0,0
399,"arthur-debert","Arthur Debert","https://github.com/pculture/unisubs/","São Paulo, Brazil","arthur@stimuli.com.br","2008-11-17 11:25:31","USR",0,0
400,"desigooner","Pratik Desai",\N,"Boston, MA","desai@pratyk.com","2010-06-15 11:51:38","USR",0,0
401,"cz","craig zheng","Amara","New York","craig.zheng@gmail.com","2008-09-24 16:46:03","USR",0,0
402,"ehazlett","Evan Hazlett","Participatory Culture Foundation","Indianapolis, IN","ejhazlett@gmail.com","2010-04-30 16:31:29","USR",0,0
404,"fernandotakai","Fernando Takai","Participatory Culture Foundation","São Paulo, Brasil","fernando.takai@gmail.com","2008-09-08 18:01:24","USR",0,0
405,"honza","Honza Pokorny","Participatory Culture Foundation","Halifax, Canada","me@honza.ca","2010-02-18 23:00:13","USR",0,0
406,"rogeriomarques","Rogerio Marques",\N,"Sao Paulo, Brazil",\N,"2010-08-06 21:37:05","USR",0,0
407,"jdragojevic","Janet Dragojevic","Participatory Culture Foundation",\N,"jed@pculture.org","2010-06-07 21:11:18","USR",0,0
408,"tobym","Toby Matejovsky","Tapad","NYC","toby.matejovsky@gmail.com","2009-02-17 22:52:36","USR",0,0
409,"nicksergeant","Nick Sergeant","Participatory Culture Foundation","Rochester, NY","nick@nicksergeant.com","2008-10-02 21:29:30","USR",0,0
410,"rchekaluk","Rob Chekaluk",\N,\N,"rchekaluk@pculture.org","2010-04-08 18:26:33","USR",0,0
411,"ryanitus",\N,\N,\N,\N,"2012-03-09 17:27:25","USR",0,0
412,"sjl","Steve Losh","Participatory Culture Foundation","Rochester, NY","steve@stevelosh.com","2009-02-26 21:20:05","USR",0,0
413,"dlo","Dan Loewenherz","","Los Angeles, CA","dloewenherz@gmail.com","2008-12-05 02:46:50","USR",0,0
414,"unisubs-transifex","Unisubs Transifex User",\N,\N,"universalsubtitles-errors@pculture.org","2011-06-15 18:51:26","USR",0,0
415,"ashish0x90","Ashish Yadav",\N,"india","ashish.0x90@gmail.com","2009-01-31 19:08:01","USR",0,0
416,"tantalor","John Tantalo","http://johntantalo.com","San Diego","john.tantalo@gmail.com","2008-02-28 21:12:27","USR",0,0
417,"unsheeple",\N,\N,\N,\N,"2009-01-17 04:38:06","USR",0,0
418,"ask","Ask Solem Hoel","RabbitMQ, VMware","London, UK","ask@celeryproject.org","2008-02-28 12:11:11","USR",0,0
419,"adulau","Alexandre Dulaunoy","quuxlabs","Belgium","a@foo.be","2008-03-17 21:06:56","USR",0,0
420,"scottarnold","Scott Arnold",\N,\N,"s@scottarnold.org","2009-12-08 02:06:44","USR",0,0
421,"icco","Nat Welch","Punchd, iFixit, devCloud, CPLUG","San Francisco, CA","nat@natwelch.com","2008-08-10 20:56:08","USR",0,0
422,"bdotdub","Benny Wong","http://bwong.net/","New York, NY","bdotdub@gmail.com","2008-04-07 23:52:17","USR",0,0
423,"cpsaltis","Christos Psaltis","unweb.me","Athens, Greece","cpsaltis@unweb.me","2011-03-02 13:15:37","USR",0,0
424,"xmcgyver",\N,\N,\N,\N,"2010-06-03 01:21:08","USR",0,0
425,"anirudhjoshi","Anirudh Joshi","","","github@anirudhjoshi.com","2009-11-14 12:29:17","USR",0,0
426,"iostream",\N,\N,\N,\N,"2011-04-22 16:27:01","USR",0,0
427,"up4","Vincent Olivier","NBourbaki","Montreal, Canada","vincent@up4.com","2010-05-15 23:31:26","USR",0,0
428,"TYURJMAI","Andrey Pavlenko",\N,\N,"andrey.pavlenko@itseez.com","2012-08-03 18:09:28","USR",1,0
429,"Nashev","Nashev",\N,\N,"nashev@mail.ru","2010-01-26 14:27:28","USR",0,0
430,"MIGUELONCH",\N,\N,\N,\N,"2011-10-07 00:11:58","USR",1,0
431,"babo","Attila Babo",\N,"Copenhagen","attila.babo@gmail.com","2008-02-28 10:48:19","USR",0,0
432,"seecinq","seecinq",\N,\N,"guerrier@gmail.com","2010-09-27 22:52:41","USR",0,0
433,"inffcs00","Félix Cachaldora Sánchez","","A Coruña","inffcs00@gmail.com","2008-03-03 09:59:57","USR",0,0
434,"ajmi","Ahmed Al-ajmi",\N,"Egypt","ahmadajme@gmail.com","2011-02-18 21:33:02","USR",0,0
435,"tsnow","Tim Snowhite","Snowhite Solutions LLC","Washington, DC","tim@snowhitesolutions.com","2009-01-24 00:19:44","USR",0,0
436,"taichi","taichi",\N,"Tokyo/Japan","ryushi@gmail.com","2009-03-23 14:57:23","USR",0,0
437,"imrehg","Gergely Imreh","IAMS, Academia Sinica","Taipei, Taiwan","imrehg@gmail.com","2008-12-07 13:15:53","USR",0,0
438,"jeremymason","Jeremy Mason",\N,\N,"jeremycmason@gmail.com","2010-11-06 14:58:48","USR",0,0
439,"okuryu","Ryuichi Okumura","Yahoo Japan Corporation","Tokyo, Japan.","okuryu@okuryu.com","2008-11-15 08:10:37","USR",0,0
440,"ducu","Alexandru Stanciu",\N,\N,"alexandru.stanciu@gmail.com","2009-07-12 09:45:06","USR",0,0
441,"chirayu","Chirayu Patel","SnappyFingers","Bangalore","chirayu@chirayu.org","2008-05-22 23:49:21","USR",0,0
442,"juniorbl","Carlos Luz Junior",\N,"Ottawa, ON, Canada","juniorbl@gmail.com","2008-11-30 15:13:24","USR",0,0
443,"sepehrm",\N,\N,\N,\N,"2009-04-25 00:17:58","USR",0,0
444,"tsubame959",\N,\N,\N,\N,"2010-12-05 15:39:54","USR",0,0
445,"mrleinad","Néstor Daniel Altamirano","The Fusion Group","Tandil","mrleinad@gmail.com","2010-08-15 19:13:35","USR",0,1
446,"Fodi69","Ferenc Fodor",\N,\N,"fodor0205@gmail.com","2010-12-08 14:01:16","USR",0,0
447,"mitnworb","Tim Brown",\N,\N,"mitnworb@gmail.com","2009-11-10 23:39:45","USR",0,0
448,"bibinou","Camille Appert",""," Lyon, France","camille@appert.me","2009-04-06 16:20:42","USR",0,0
449,"christopherhan","Chris Han",\N,\N,"christopher.t.han@gmail.com","2010-11-05 18:37:07","USR",0,0
450,"dvliman","David Liman",\N,"Los Angeles","limanoit@gmail.com","2009-12-03 09:21:52","USR",0,0
451,"adncentral","adncentral",\N,\N,"jonathan.shar@Hotmail.com","2010-02-18 09:20:52","USR",0,0
452,"adragomir","Andrei Dragomir",\N,"Bucharest","adragomir@gmail.com","2008-03-17 23:16:17","USR",0,0
453,"dwiRianto","Dwi Rianto","","Jakarta, indonesia",\N,"2011-06-25 22:55:29","USR",0,0
454,"pombredanne","pombredanne",\N,\N,"pombredanne@gmail.com","2011-03-17 21:45:06","USR",0,0
455,"mintchaos","Christian Metts","msnbc.com","Seattle, WA","xian@mintchaos.com","2008-02-28 06:24:00","USR",0,0
456,"rooty","Black Cat","ICN ISP","Ukraine, Odessa","rooty@chm.od.ua","2010-01-13 10:20:08","USR",0,0
457,"mcroydon","Matt Croydon",\N,"Lawrence, KS, USA","matt@lawrence.com","2008-02-28 03:05:37","USR",0,0
458,"SahabMedia",\N,\N,\N,\N,"2011-02-22 17:13:12","USR",0,0
459,"jbr","Jacob Rothstein","","SF-NY-PDX","*@yakbarber.com","2008-06-11 04:58:31","USR",0,0
460,"bloodpet","Eman Calso","Emanuel Calso","Philippines","egcalso@gmail.com","2009-05-22 00:48:32","USR",0,0
461,"mrjjwright","John Wright",\N,"Boulder, CO","mrjjwright@gmail.com","2008-04-02 20:35:25","USR",0,0
462,"rtnpro","Ratnadeep Debnath","Transifex","Guwahati, Assam, India","rtnpro@transifex.com","2010-03-27 18:02:37","USR",0,0
463,"apalancat","Marc B",\N,"Barcelona","marc@apalan.cat","2008-06-20 10:46:16","USR",0,0
464,"yeradis","Yeradis P. Barbosa Marrero","","Barcelona,Spain","mail@yeradis.com","2011-03-13 13:14:14","USR",0,0
465,"andrew","Andrew Nesbitt","Forward","London, UK","andrewnez@gmail.com","2008-02-27 11:39:22","USR",0,0
466,"diego-machado","Diego Machado da Rosa",\N,\N,"diego.machadodarosa@gmail.com","2011-09-02 01:31:53","USR",0,0
467,"henriquelbsouza","Henrique Lauro Bagio de Souza",\N,"Tubarão/SC, Brasil","henriquelbsouza@gmail.com","2011-09-22 12:02:27","USR",0,0
468,"forteller",\N,\N,\N,\N,"2010-07-25 15:15:21","USR",0,0
469,"nims11","Nimesh Ghelani",\N,"Ranchi","nimeshghelani@gmail.com","2011-12-22 17:22:18","USR",0,0
470,"jrivero","Jordi Rivero","XKQ","Barcelona","jrivero24@yahoo.es","2008-09-01 16:05:20","USR",0,0
471,"GFQKEWAI","Akira Hatanaka",\N,\N,"ahatanaka@mips.com","2012-08-03 18:09:28","USR",1,0
472,"alfredo","Alfredo Aguirre","Made with bytes",\N,"aguirre.alfredo07@gmail.com","2009-10-15 14:46:59","USR",0,0
473,"L42y","L42y",\N,\N,"423300@gmail.com","2010-05-23 16:52:35","USR",0,0
474,"jfilipe","Jason Filipe","Dubble Inc.","Toronto, Canada","jason.filipe@gmail.com","2010-01-20 01:24:25","USR",0,0
475,"sidisinsane","Dirk Sidney Jansen",\N,\N,"sj@cpo-adme.de","2008-08-08 06:33:28","USR",0,0
476,"lukeorland","Luke Orland","","Baltimore","orluke@gmail.com","2008-05-27 08:22:41","USR",0,0
477,"smagch","smagch",\N,"Tokyo","smagch@gmail.com","2011-07-06 16:47:40","USR",0,0
478,"leeh","Lee Horrocks","Cliplabs","Toronto, ON","lee@leehorrocks.com","2008-04-23 17:23:10","USR",0,0
479,"ericpugh","Eric",\N,\N,"pugh.eric@gmail.com","2011-11-07 00:58:14","USR",0,0
480,"michaelx","Michael Xander",\N,"Germany","michimself@gmail.com","2010-02-06 15:05:17","USR",0,0
481,"ericras","Eric Rasmussen","University of Nebraska-Lincoln","Lincoln, NE","ericrasmussen1@gmail.com","2010-10-20 03:21:33","USR",0,0
482,"fosstrack","fosstrack",\N,\N,"vax3200@gmail.com","2011-12-19 12:49:18","USR",0,0
483,"takaken",\N,\N,\N,\N,"2010-07-05 18:56:02","USR",0,0
484,"ryanwi","Ryan Williams",\N,"Portland, OR","rwilliamz@gmail.com","2009-01-27 01:24:57","USR",0,0
485,"epitron","Chris Gahan",\N,"Toronto","chris@ill-logic.com","2008-07-08 16:07:35","USR",0,0
486,"robdiciuccio","Rob DiCiuccio","Definition","San Francisco","rob@definitionstudio.com","2010-06-04 05:14:15","USR",0,0
487,"adrienne","Adrienne L. Travis",\N,\N,"adrienne@utilitarienne.com","2009-05-28 21:54:48","USR",0,0
488,"HOAJOTGO","Alexander Mordvintsev",\N,\N,"zzznah@gmail.com","2012-08-03 18:09:28","USR",1,0
489,"bjelline","Brigitte Jellinek","FH Salzburg - University of Applied Science","Austria","brigitte.jellinek@fh-salzburg.ac.at","2008-11-26 13:53:34","USR",0,0
490,"romen","Nicola Tuveri",\N,\N,"nic.tuv@gmail.com","2010-07-20 09:50:37","USR",0,0
491,"MechanisM","Eugene MechanisM","MechanisM","Saint Petersburg, Russian Federation","eugene@mechanism.name","2009-09-01 07:12:00","USR",0,0
492,"macdiva","MacDiva",\N,\N,"code@chryswu.com","2009-01-31 19:49:07","USR",0,0
493,"etherzhhb","ether","Sun Yet-sen University","china","etherzhhb@gmail.com","2010-05-15 14:26:33","USR",0,0
494,"bbirec","Heehong Moon",\N,"South Korea","bbirec@gmail.com","2011-06-22 02:36:56","USR",0,0
495,"JWegener","Jonathan Wegener",\N,\N,\N,"2010-06-12 15:32:16","USR",0,0
496,"nadafigment","Dave Peacock",\N,\N,"dave.peacock@gmail.com","2012-01-10 23:59:56","USR",0,0
497,"smulloni","smulloni",\N,\N,"smulloni@smullyan.org","2008-12-11 04:38:33","USR",0,0
498,"jengdal","John Engdal",\N,"Finland","john.engdal@gmail.com","2008-07-01 16:02:24","USR",0,0
499,"liuyf",\N,\N,\N,\N,"2009-07-25 18:35:49","USR",0,0
500,"tokuda109","tokuda109","CiRQLE","Tokyo","tokuda109@gmail.com","2009-07-26 07:07:42","USR",0,0
501,"bradjmiller","Brad Miller",\N,\N,"brad.j.miller@gmail.com","2008-09-26 17:38:02","USR",0,0
502,"m0hit","m0hit","Location Labs","San Francisco","mohit.ed@gmail.com","2010-04-14 20:56:35","USR",0,0
503,"discont",\N,\N,\N,\N,"2011-02-02 19:43:03","USR",0,0
504,"libraM","Alex Yakovlev",\N,\N,"ayakovlev@rambler.ru","2010-10-16 16:43:08","USR",0,0
505,"michelled","Michelle","Inclusive Design Research Centre",\N,"michelled33@gmail.com","2011-01-13 15:13:40","USR",0,0
506,"doc","Mark","Rogers Digital","Toronto, Ontario, Canada","porter_md@yahoo.com","2008-12-13 02:25:20","USR",0,0
507,"regexident","regexident",\N,\N,"bl1ndf41th@web.de","2009-10-10 19:52:03","USR",0,0
508,"markkaplan","Mark Kaplan",\N,\N,\N,"2009-01-15 16:52:06","USR",0,0
509,"mjmurphy","Michael Murphy",\N,"Basel, Switzerland","emjmurphy@gmail.com","2010-07-27 01:39:47","USR",0,0
510,"trbngr","Chris Martin",\N,"Phoenix, AZ, USA","chris.martin@eventday.com","2010-08-15 04:01:18","USR",0,0
511,"vgrichina","Vladimir Grichina","Componentix","Vinnitsa","vgrichina@gmail.com","2009-09-14 11:24:11","USR",0,0
512,"ankit","Ankit Ahuja",\N,"Blacksburg, VA","ahuja.ankit@gmail.com","2009-03-10 04:41:49","USR",0,0
513,"Detrus",\N,\N,\N,\N,"2009-12-11 03:39:27","USR",0,0
514,"brunosan","Bruno Sánchez-Andrade Nuño",\N,"Washington DC","github@brunosan.eu","2010-10-10 03:54:30","USR",0,0
515,"daviddahl","David Dahl","Mozilla","Chicago","david@ddahl.com","2008-09-09 21:57:10","USR",0,0
516,"elifarley","elifarley@users.noreply.github.com",\N,\N,"elifarley.cruz@RJ6339.webb.main","2010-12-12 13:52:56","USR",0,0
517,"kovshenin","Konstantin Kovshenin","Frumatic","Moscow, Russia","kovshenin@gmail.com","2009-07-24 14:53:00","USR",0,0
518,"korch","",\N,"West Hollywood, CA","me@rodneykoch.com","2008-12-10 06:09:09","USR",0,1
519,"rochoa","Raul Ochoa",\N,\N,"rochoaf@gmail.com","2009-01-09 15:10:01","USR",0,0
520,"Alerion","Dmitriy","Code-on","Ukraine, Lviv","alerion.um@gmail.com","2009-08-27 15:28:10","USR",0,0
521,"wescott","Mike Wescott","Stanford","Stanford, CA","michael.wescott@gmail.com","2011-07-22 03:50:43","USR",0,0
522,"widyakumara","Dewa M. Widyakumara",\N,\N,"widyakumara@gmail.com","2011-02-02 09:07:45","USR",0,0
523,"jbau","Jason Bau",\N,\N,"jbau@stanford.edu","2011-04-10 23:45:42","USR",0,0
524,"knv","Kamyar Navidan",\N,\N,"kamyar.n@gmail.com","2009-05-03 03:07:02","USR",0,0
525,"hardykevin","kevin.shi",\N,"Kunming,Yunnan,China","leiarix@gmail.com","2011-06-17 12:42:14","USR",0,0
526,"pankajmore","Pankaj More",\N,\N,"pankajmore@gmail.com","2010-09-11 09:21:02","USR",0,0
527,"remram44","Remi Rampin",\N,"Brooklyn, NY, USA","remirampin@gmail.com","2010-10-04 17:04:26","USR",0,0
528,"mdolon","Monjurul 'Monji' Dolon","http://mdolon.com/","NYC, NC, Cali","mdolon@gmail.com","2010-06-04 15:22:54","USR",0,0
529,"unhammer","Kevin Brubeck Unhammer",\N,\N,"unhammer@fsfe.org","2009-02-22 18:07:13","USR",0,0
530,"iamkittu",\N,\N,\N,\N,"2011-10-24 18:40:30","USR",0,0
531,"nelas","Bruno C. Vellutini",\N,"Bergen, Norway","organelas@gmail.com","2010-08-11 16:47:33","USR",0,0
532,"jesusmercado","Jesus Mercado",\N,\N,"jesusmmm@gmail.com","2010-04-21 15:33:50","USR",0,0
533,"velenux","Gilberto Ficara","Stardata S.r.l.",\N,"g.ficara@oltrelinux.com","2010-02-02 12:29:00","USR",0,0
534,"mahmoud","Mahmoud Kassem",\N,"Egypt","mahmoud.kassem@gmail.com","2008-04-12 02:33:09","USR",0,0
535,"cnauroth","Chris Nauroth","Disney Interactive Media Group","Seattle, WA","cnauroth@hotmail.com","2010-03-21 18:06:44","USR",0,0
536,"NikoKJ","niko",\N,\N,"newlife20080214@gmail.com","2012-11-12 19:12:29","USR",0,0
537,"victorlin","VictorLin",\N,\N,"bornstub@gmail.com","2010-02-11 06:58:41","USR",0,0
538,"jyotirmaya","Jyotirmaya Nanda",\N,\N,"jyotirmaya@gmail.com","2010-09-15 19:03:40","USR",0,0
539,"tmattia","Tomas Mattia","ThoughtWorks","Porto Alegre - RS, Brazil","tmattia@thoughtworks.com","2010-02-11 17:10:22","USR",0,0
540,"hmert","Hüseyin Mert",\N,\N,"huseyinin@gmail.com","2010-01-15 11:58:43","USR",0,0
541,"zhangcheng","ZHANG Cheng","http://www.xingyun.cn","Beijing, China","czhang.oss@gmail.com","2010-01-25 09:50:59","USR",0,0
542,"iki","Jan Killian",\N,"Prague, Czech Republic","jan.killian@gmail.com","2009-11-06 13:12:40","USR",0,0
543,"nestorrojas","Nestor Rojas","ACCESSUS","Bucharest, Romania","nestor.rojas@gmail.com","2009-04-26 16:46:11","USR",0,0
544,"davedenis","Dave Denis","Boston.com / Boston Globe","Boston, MA",\N,"2010-12-06 01:14:44","USR",0,0
545,"fawek","Jakub Wieczorek",\N,"London, UK","fawek@fawek.net","2011-02-23 23:03:47","USR",0,0
546,"BIMVCIKK","Nuno Lopes",\N,\N,"nunoplopes@sapo.pt","2012-08-03 18:09:29","USR",1,0
547,"nivertech","Zvi","Nivertech",\N,"zvi-AT-nivertech-DOT-com","2009-04-27 20:24:36","USR",0,0
548,"ajamaica","ajamaica",\N,\N,"me@arturojamaica.com","2010-06-28 17:53:07","USR",0,0
549,"pawal","Patrik Wallström",\N,"Stockholm, Sweden","pawal@blipp.com","2010-05-24 18:17:31","USR",0,0
550,"surat",\N,\N,\N,\N,"2011-02-14 08:36:41","USR",0,0
551,"cstanhope","Charles Stanhope",\N,\N,"charles@cstanhope.com","2010-02-13 21:14:17","USR",0,0
552,"mbarger","Matt Barger",\N,\N,"matt@mattbarger.com","2012-04-24 14:27:30","USR",0,0
553,"olragon","Long Nguyen","Asaleo jsc","Ho Chi Minh City, Viet Nam","olragon@gmail.com","2009-01-19 10:34:18","USR",0,0
554,"mhaidarh","M Haidar Hanif","Hazeorid","4A 61 6B 61 72 74 61","mhaidarhanif@gmail.com","2010-04-02 09:27:05","USR",0,0
555,"RStankov","Radoslav Stankov","LOOKK","Sofia, Bulgaria","rstankov@gmail.com","2008-05-10 08:31:24","USR",0,0
556,"omni5cience","Sam Epstein","On the Market","NYC","sam@samepstein.com","2010-02-20 04:50:22","USR",0,0
557,"emrahsari","Emrah SARI",\N,"Turkey","emrahsari@msn.com","2010-06-02 14:56:26","USR",0,0
558,"Vovochka777",\N,\N,\N,\N,"2012-05-04 18:07:54","USR",0,0
559,"adamgibbins","Adam Gibbins","","London","github@adamgibbins.com","2009-01-15 15:56:17","USR",0,0
560,"natea","Nate Aune","Appsembler","Boston, MA","nate@noderabbit.com","2009-08-24 18:25:38","USR",0,0
561,"isaacgrant","Isaac Grant","silverorange","Edinburgh","isaac@silverorange.com","2009-01-27 19:18:29","USR",0,0
562,"stephenjudge","Stephen Judge",\N,"Dublin, Ireland",\N,"2009-09-14 02:05:59","USR",0,0
563,"heyitsnoah","Noah Brier","Percolate","NYC","nbrier@gmail.com","2009-10-24 20:55:00","USR",0,0
564,"rkabir","Ryan Kabir","Grow20 Corporation","Dubai","rkabir@alum.mit.edu","2008-08-28 17:26:10","USR",0,0
565,"Mathew","Mathew Taylor","","UK, Edinburgh","Mat@mathewtaylor.co.uk","2009-10-06 19:30:40","USR",0,0
566,"arthurlutz","Arthur Lutz",\N,\N,"arthur.lutz@gmail.com","2009-07-24 19:58:54","USR",0,0
567,"jamesthornton","James Thornton","Electric Speed, Inc","Dallas, TX","james@jamesthornton.com","2009-08-26 16:38:39","USR",0,0
568,"ecaldwell","Evan Caldwell",\N,"Washington, DC","evan.caldwell@gmail.com","2010-04-09 18:56:38","USR",0,0
569,"cybertoast","Sundar Raman",\N,\N,"cybertoast@gmail.com","2008-07-10 18:55:30","USR",0,0
570,"azizpalmer","Aziz",\N,\N,\N,"2009-11-09 07:37:21","USR",0,0
571,"mindblink",\N,\N,\N,\N,"2009-03-02 05:50:46","USR",0,0
572,"joshdoe","Josh Doe",\N,\N,"josh@joshdoe.com","2010-07-14 15:10:22","USR",0,0
573,"patricksan","Patrick Santana","OpenPhoto","Londerzeel - Belgium","patricksan@me.com","2009-05-06 12:09:13","USR",0,0
574,"nemgue",\N,\N,\N,\N,"2011-01-24 05:24:34","USR",0,0
575,"marg51","Margirier Laurent",\N,\N,"laurent.margirier@gmail.com","2011-01-01 18:32:11","USR",0,0
576,"amirshim","Amir Shimoni","JaaVuu","NYC","amirshim@yahoo.com","2010-04-06 06:32:29","USR",0,0
577,"mvmocanu","Mihai Mocanu",\N,\N,"mihai.form@gmail.com","2009-03-08 18:21:43","USR",0,0
578,"Avant-Contra","Contra",\N,\N,"dadadaluo@gmail.com","2011-03-09 14:36:34","USR",0,0
579,"prakaashkpk","prakaashkpk",\N,\N,"prakaash.kpk@gmail.com","2011-05-17 17:38:57","USR",0,0
580,"hungtruong","Hung Truong",\N,\N,"hung@hung-truong.com","2010-10-19 00:54:57","USR",0,0
581,"nathangibbs","Nathan Gibbs","KPBS","San Diego",\N,"2011-07-19 22:45:25","USR",0,0
582,"m3matta","Mark Matta",\N,\N,"matta.mark@gmail.com","2011-04-09 20:27:40","USR",0,0
583,"skfd","Konstantin Konev",\N,\N,"ksen.knev@gmail.com","2009-11-30 00:09:31","USR",0,0
584,"taoh","Tao Huang",\N,\N,"taohms@gmail.com","2011-03-02 19:00:40","USR",0,0
585,"PixelPartner","Thomas Kumlehn",\N,\N,"thomas@pixelpartner.de","2009-04-14 07:06:15","USR",0,0
586,"dylanfareed","Dylan Fareed",\N,"San Francisco, CA","email@dylanfareed.com","2010-02-05 03:41:23","USR",0,0
587,"blinks","Adam Blinkinsop","Google, Inc.","Bothell, WA","blinks@acm.org","2008-06-30 15:51:39","USR",0,0
588,"donfrancisco","Francisco Ramos",\N,"Santa Monica, CA","frankinbox@gmail.com","2010-06-15 23:29:48","USR",0,0
589,"mitharris","Mitchell Harris ","Tulsa Applications Inc.","New York, NY ","mjhcompany@gmail.com","2012-01-12 21:22:10","USR",0,0
590,"blowfish","bFish",\N,"Taiwan","blowfishyeh@gamil.com","2009-11-18 14:14:10","USR",0,0
591,"Cyranix","Cyranix",\N,\N,"andrew.m.harrison@gmail.com","2009-12-02 21:08:06","USR",0,0
592,"pierre-roux","pierre-roux",\N,\N,"pierre.roux01@gmail.com","2010-10-13 20:33:05","USR",0,1
593,"UOCCTJFL","Jiangning Liu",\N,\N,"jiangning.liu@arm.com","2012-08-03 18:09:29","USR",1,0
594,"FinalBoy","FinalBoy",\N,\N,"finalboy@gmail.com","2010-04-26 02:27:51","USR",0,0
595,"acli","Ambrose Li",\N,"Toronto, Ontario, Canada","ambrose.li@gmail.com","2012-03-08 17:37:27","USR",0,0
596,"reeyuk","Sofiane Laouini","LSD","Paris","sofiane.laouini@gmail.com","2009-01-22 12:16:14","USR",0,0
597,"dzeez","David Danziger",\N,\N,"david@stufflikethat.org","2010-11-08 08:40:06","USR",0,0
598,"lsemel","Lee Semel",\N,"New York, NY","hello at leesemel dot com","2009-12-06 20:29:54","USR",0,0
599,"mrpeterpeter","Peter David Hamilton","Art Hosting","Leeds, United Kingdom","peter@hamilton.name","2008-03-17 16:48:47","USR",0,0
600,"asnark","James",\N,"Texas",\N,"2010-01-25 18:18:39","USR",0,0
601,"budparr","budparr",\N,\N,"budparr@sonnetmedia.net","2009-08-14 14:43:55","USR",0,0
602,"nemobrain","jjunior",\N,\N,"webmedia@gmail.com","2010-09-29 01:10:04","USR",0,1
603,"lboaretto","Luiz Boaretto",\N,\N,"lboaretto@gmail.com","2008-11-21 18:35:12","USR",0,0
604,"emchristiansen","Eric Christiansen",\N,\N,"ericmartinchristiansen@gmail.com","2010-03-18 21:03:35","USR",0,0
605,"sixpoint","Lexo Charles",\N,"Guangzhou China","lexo.charles@gmail.com","2009-10-07 04:09:00","USR",0,1
606,"pigmonkey","Pig Monkey",\N,\N,"pm@pig-monkey.com","2010-11-29 23:47:05","USR",0,0
607,"gmcclure","Greg McClure",\N,"Newport Beach, CA","gmcclure@thirdstone.net","2008-05-26 23:09:28","USR",0,0
608,"sbromle","Sam Bromley",\N,\N,"sam@sambromley.com","2011-09-06 16:38:48","USR",0,0
609,"appsembler","Appsembler",\N,\N,\N,"2012-01-23 00:04:43","ORG",0,0
610,"swem","Stanley Hsiao (蕭辰翰)","","Taipei","r97922120@ntu.edu.tw","2010-12-08 05:14:55","USR",0,0
611,"silopolis","silopolis","SILOPOLIS","Avignon, France","silopolis@gmail.com","2010-09-24 15:10:34","USR",0,0
612,"juanriaza","Juan Riaza",\N,"Miranda de Ebro (Burgos)","juanriaza@gmail.com","2011-01-09 10:58:30","USR",0,0
613,"opencv-pushbot","OpenCV Pushbot",\N,\N,"buildbot@opencv.org","2012-07-27 10:42:12","USR",0,0
614,"DNX","Denis Darii",\N,"IT","denis.darii@gmail.com","2010-07-30 10:45:11","USR",0,0
615,"ahparikh","Akash Parikh",\N,\N,"ahparikh@gmail.com","2009-12-24 06:16:10","USR",0,0
616,"lucas0412","lucas0412",\N,"Tainan, Taiwan","likelucas0412@hotmail.com","2011-03-11 16:12:46","USR",0,1
617,"brianloveswords","Brian J Brennan","Mozilla Foundation","Brooklyn, New York","brian@nyhacker.org","2009-12-11 17:30:09","USR",0,0
618,"sunny0425","sunny0425",\N,\N,"luoping0425@gmail.com","2011-09-05 08:46:45","USR",0,0
619,"dananjayavr","Dananjaya Ramanayake",\N,"France","dananjaya86@yahoo.com","2010-09-06 14:24:32","USR",0,0
620,"josip","Josip Lisec",\N,"Zagreb/Varaždin, Croatia","josip@jlx.cc","2008-05-25 11:20:43","USR",0,0
621,"PaulAik","Paul aikman",\N,"Glasgow, Scotland","paulaik@gmail.com","2009-06-26 08:10:35","USR",0,0
622,"11xp","11xp",\N,\N,"noc01@yandex.ru","2011-04-14 18:44:10","USR",0,0
623,"molokoloco","Julien G",\N,"Paris, France","molokoloco@gmail.com","2010-04-08 23:29:23","USR",0,0
624,"justjohn","John Roepke","webfoundri.es","Boston, MA","john@justjohn.us","2009-10-15 03:25:32","USR",0,0
625,"canvic","",\N,\N,\N,"2011-11-25 07:55:18","USR",0,0
626,"m040601","m040601",\N,\N,"m040601@yahoo.com","2008-04-30 00:48:57","USR",0,0
627,"satels","Ivan Petukhov",\N,"Ekaterinburg, Russia","satels@gmail.com","2010-03-11 12:28:16","USR",0,0
628,"LECMSPLX","Dave Peacock",\N,\N,"dpeacock@hadal.com","2012-08-03 18:09:30","USR",1,0
629,"dhruvg","dhruvgarg",\N,\N,"dhruv.garg@gmail.com","2009-12-09 20:37:08","USR",0,0
630,"ymirpl","Marcin Mincer",\N,\N,"marcin.mincer@gmail.com","2008-05-19 20:27:52","USR",0,0
631,"BDuelz","Abdul Hassan",\N,\N,"abdulrhass@gmail.com","2012-06-19 14:14:57","USR",0,0
632,"brettgaylor","Brett Gaylor","Mozilla",\N,"brett@mozillafoundation.org","2010-07-27 16:29:04","USR",0,0
633,"Empact","Ben Woosley","Participant Labs","San Francisco, CA","ben.woosley@gmail.com","2008-04-06 22:28:05","USR",0,0
634,"CheeseWiz","",\N,\N,"no@email","2012-08-23 12:37:25","ORG",0,0
635,"apipkin","Anthony Pipkin",\N,\N,"a.pipkin@skylermedia.com","2009-12-14 16:38:29","USR",0,0
636,"objcguy",\N,\N,\N,\N,"2009-12-05 05:44:43","USR",0,0
637,"christophertam","christophertam",\N,\N,"chris.tam.mail@gmail.com","2011-04-10 08:45:16","USR",0,0
638,"nitinhayaran","Nitin Hayaran","23 Spaces","Mumbai, India","nitinhayaran@gmail.com","2009-01-30 17:33:35","USR",0,0
639,"puneetbharti","Puneet Bharti",\N,\N,"puneetbharti@gmail.com","2010-02-16 05:40:29","USR",0,0
640,"javiereguiluz","Javier Eguiluz",\N,"Vitoria-Gasteiz, Spain","javier.eguiluz@gmail.com","2009-04-13 20:26:53","USR",0,0
641,"instinctious","Ernad Halilovic",\N,"Prague, Czech Republic","ernadh@gmail.com","2010-09-24 19:00:04","USR",0,0
642,"ludwig","Luis Armendariz",\N,"Pasadena, CA","luis.armendariz@gmail.com","2008-02-27 11:10:03","USR",0,0
643,"finbarr","Finbarr Taylor",\N,\N,"finbarrtaylor@gmail.com","2010-02-26 16:25:33","USR",0,0
644,"shakhan","Shahid",\N,\N,\N,"2009-11-05 06:39:25","USR",0,0
645,"yv","Yannick Versley",\N,\N,"versley@sfs.uni-tuebingen.de","2011-02-26 21:05:01","USR",0,0
646,"mdim","Maria Dimashova","Itseez",\N,"maria.dimashova@gmail.com","2012-04-19 17:35:30","USR",0,0
647,"rplnt","rplnt",\N,\N,"rplnt@o0.sk","2011-02-20 17:31:45","USR",0,0
648,"MayDaniel","Daniel May",\N,"Portland, Dorset, England","MayDaniel95@gmail.com","2010-01-23 19:17:36","USR",0,0
649,"johneo","John Eo",\N,\N,"joon.eo@gmail.com","2010-11-29 05:12:44","USR",0,0
650,"docTag",\N,\N,\N,\N,"2012-04-10 18:38:53","ORG",0,0
651,"passy","Pascal Hartig","weluse GmbH","Kiel, Germany","phartig@rdrei.net","2008-05-11 00:30:07","USR",0,0
652,"madcat","Lingfei Song","zealion","Shanghai","l.song@zealion.com","2009-05-08 06:29:56","USR",0,0
653,"bogorman","bogorman",\N,\N,"bogorman@gmail.com","2009-11-07 10:58:42","USR",0,0
654,"nhoss2","Nafis",\N,"brisbane, australia","nhoss2@gmail.com","2009-06-01 09:06:40","USR",0,0
655,"kemaltaskin","Kemal Taskin","Yakamoz Labs","Istanbul","kemal.taskin@gmail.com","2009-05-30 20:41:00","USR",0,0
656,"AnushPrem",\N,\N,\N,\N,"2011-06-17 10:13:06","USR",0,0
657,"manikantag","ManiKanta G",\N,\N,"go4mani@gmail.com","2010-06-29 09:55:07","USR",0,0
658,"jhaus",\N,\N,\N,\N,"2010-02-12 04:34:36","USR",0,0
659,"silleknarf","Frank Ellis",\N,\N,"silleknarf@gmail.com","2011-07-01 00:02:43","USR",0,0
660,"christopherwoodall","Christopher Woodall",\N,"Tennessee","woodall.christopher@gmail.com","2010-08-13 18:03:44","USR",0,0
661,"jbwiv","John Wells",\N,\N,"john.wells@greatworx.com","2008-03-25 04:44:16","USR",0,0
662,"croddin","Craig Roddin","Deseret Digital Media","Salt Lake City, UT","craig.roddin@gmail.com","2010-06-07 23:31:09","USR",0,0
663,"avar","Ævar Arnfjörð Bjarmason","Booking.com","Amsterdam, The Netherlands","avarab@gmail.com","2009-01-09 09:42:27","USR",0,0
664,"narpaldhillon",\N,\N,\N,\N,"2011-02-24 23:45:59","USR",0,0
665,"ews","J.P. Puerta","Craigslist","San Francisco, CA","ews@folksonomy.com","2008-10-22 06:17:23","USR",0,0
666,"lmjabreu","Luis Abreu","Ribot - http://ribot.co.uk","Brighton, UK","lmjabreu@gmail.com","2008-08-18 19:28:41","USR",0,0
668,"jbpg","",\N,\N,\N,"2011-03-16 22:26:29","USR",0,0
669,"VIJQOWUB","Chad Rosier",\N,\N,"mcrosier@apple.com","2012-08-03 18:09:30","USR",1,0
670,"srw","Nektra Advanced Computing & Data Big Bang","Nektra Advanced Computing & Data Big Bang",\N,"sebastian.wain@nektra.com","2009-10-19 16:44:17","USR",0,0
671,"JohnSpeno","John P Speno","","South Jersey, USA","john@macspeno.com","2009-01-17 15:27:57","USR",0,0
672,"llvm-mirror","Unofficial Automated Mirror of LLVM",\N,\N,\N,"2012-01-27 23:49:35","USR",0,0
673,"luosheng","Sheng Luo",\N,\N,"luosheng1986@gmail.com","2009-01-16 06:17:08","USR",0,0
674,"thimal",\N,\N,\N,\N,"2009-09-01 01:26:13","USR",0,0
675,"necenzurat","Costin Moise","","Bucharest","necenzurat@gmail.com","2009-10-27 19:41:37","USR",0,0
676,"charleseff","Charles Finkel",\N,"San Francisco, CA","charles.finkel@gmail.com","2008-03-05 17:08:34","USR",0,0
677,"enile8","Blake",\N,\N,"email@enile8.org","2011-07-09 04:13:14","USR",0,0
678,"dlanger","Daniel Langer","","Toronto, Canada","daniel@langer.me","2010-12-19 01:39:49","USR",0,0
679,"paulchan","Paul Chan",\N,\N,"bronwerkz@gmail.com","2009-05-28 05:02:11","USR",0,0
680,"karies","Axel Naumann",\N,\N,"Axel.Naumann@cern.ch","2009-10-26 08:47:00","USR",0,0
681,"robertkrimen","Robert Krimen",\N,"","robertkrimen@gmail.com","2008-07-07 17:37:28","USR",0,0
682,"chrishamant","Chris Hamant","Milewide",\N,"chris@hamant.net","2008-12-10 00:39:30","USR",0,0
684,"avidal","Alex Vidal","Protect America","Austin, TX","alex.vidal@gmail.com","2010-01-29 01:49:42","USR",0,0
685,"ordinarydot","Abu Azzam",\N,"Indonesia","ordinarydot@gmail.com","2009-09-28 10:58:01","USR",0,0
686,"insin","Jonathan Buchanan","Liberty IT","Tandragee, NI","jonathan.buchanan@gmail.com","2010-03-20 09:16:33","USR",0,0
687,"smarchive","smarchive GmbH",\N,"Munich, Germany",\N,"2011-03-31 14:02:11","ORG",0,1
688,"coyg","Frank",\N,\N,"fk.nguyen@gmail.com","2011-03-08 19:25:40","USR",0,0
689,"2grep","Niels Olson",\N,"San Diego","niels.olson@gmail.com","2008-11-10 04:51:56","USR",0,0
690,"peterto","Peter To",\N,\N,"pt9386@gmail.com","2009-10-25 18:06:20","USR",0,0
691,"HUTPEYVM","Thomas",\N,\N,"matt.morrison@theimtgroup.com","2012-08-03 18:09:31","USR",1,0
692,"ELIQCLEQ","Elena Demikhovsky",\N,\N,"elena.demikhovsky@intel.com","2012-08-03 18:09:31","USR",1,0
693,"andrewedunn","Andrew Dunn",\N,\N,"andrewedunn@gmail.com","2011-07-26 03:48:39","USR",0,0
694,"BLOEWESR","Anthony Pipkin",\N,\N,"a.pipkin@yahoo.com","2012-08-03 18:09:31","USR",1,0
695,"jasisk","Jean-Charles Sisk",\N,\N,"jasisk@gmail.com","2009-03-12 22:12:53","USR",0,0
696,"shimon","shimon",\N,\N,"shimon@rura.org","2009-10-09 13:35:59","USR",0,0
697,"mitizhi","Frans Oilinki",\N,\N,\N,"2010-12-09 06:35:33","USR",0,0
698,"rampr","ram","HashCube",\N,"r.ramprasad@gmail.com","2009-07-01 15:15:41","USR",0,0
699,"nlewycky","Nick Lewycky",\N,\N,"nicholas@mxc.ca","2010-09-08 22:03:46","USR",0,0
700,"scumola","Steve Webb",\N,"Boulder, Co","bigwebb@gmail.com","2010-09-03 03:18:17","USR",0,0
701,"chandlerc","Chandler Carruth","Google, Inc","Mountain View, CA","chandlerc@gmail.com","2011-04-05 20:06:49","USR",0,0
702,"cpaun","Caterina Paun",\N,"San Francisco, CA","caterina.paun@gmail.com","2012-08-02 20:23:36","USR",0,0
703,"cpg","Carlos Puchol","Amahi","Palo Alto, CA, USA","cpg@rocketmail.com","2008-05-11 00:39:46","USR",0,0
704,"schatten","Dipanjan Mukherjee","Student","Kharagpur, India","dipanjan.mu@gmail.com","2010-03-06 09:54:05","USR",0,0
705,"joyent","Joyent",\N,"San Francisco, CA, USA",\N,"2008-05-13 12:36:04","ORG",0,0
706,"ryanjadhav","Ryan Jadhav",\N,\N,"ryan.jadhav@gmail.com","2010-04-07 01:05:48","USR",0,0
707,"arsenm","Matt Arsenault",\N,"Sunnyvale, CA","whatmannerofburgeristhis@gmail.com","2009-10-11 19:18:40","USR",0,0
708,"dongsheng","Dongsheng Cai","","Sydney, Australia","hi@dongsheng.org","2008-04-13 10:46:30","USR",0,0
709,"plusjade","Jade","","Alhambra, CA, USA","plusjade@gmail.com","2009-02-20 04:02:56","USR",0,0
711,"uraimo","Umberto Raimondi",\N,"Milan, Italy","me@uraimo.com","2010-01-13 13:54:55","USR",0,0
712,"juneym","Raul Martinez Jr","US Auto Parts Network Philippines Corp","Manila, Philippines","juneym@gmail.com","2011-02-06 06:18:52","USR",0,0
713,"minimoe","Joakim Bick",\N,"Gothenburg, Sweden","joakim.bick@gmail.com","2009-03-30 12:03:14","USR",0,0
714,"alanz","Alan Zimmerman",\N,"Cape Town","alan.zimm@gmail.com","2010-09-21 09:41:41","USR",0,0
715,"rozuur","rozuur",\N,\N,"rozuur@gmail.com","2010-03-05 17:38:08","USR",0,0
716,"j4mie","Jamie Matthews","DabApps (http://dabapps.com)","Brighton, UK","jamie.matthews@gmail.com","2008-04-12 19:37:12","USR",0,0
717,"bitemyapp","Chris Allen",\N,"San Francisco, CA","cma@bitemyapp.com","2010-07-01 15:07:59","USR",0,0
718,"icebraining","Icebrain",\N,"Portugal",\N,"2010-02-18 17:34:58","USR",0,0
719,"evanowe","Evan Owe",\N,\N,"evanowe@gmail.com","2010-11-29 01:48:01","USR",0,0
720,"keketa","keke_ta",\N,"Tokyo","ke.takano0722@gmail.com","2011-04-14 01:01:26","USR",0,0
721,"rsarro",\N,\N,\N,\N,"2011-01-15 12:58:44","USR",0,0
722,"MNMROJRH","Craig Topper",\N,\N,"craig.topper@gmail.com","2012-08-03 18:09:32","USR",1,0
723,"SikhNerd","SikhNerd",\N,"Houston, TX","mail@sikhnerd.com","2010-03-29 15:00:20","USR",0,0
724,"christosc","Christos Chryssochoidis",\N,"Athens, Greece","c.chryssochoidis@gmail.com","2009-08-30 00:01:56","USR",0,0
725,"matthiaswh","Matthias Hager",\N,\N,"matthias@2helixtech.com","2010-11-11 05:33:24","USR",0,0
726,"ckieran","Chris K",\N,"Perth, Western Australia","ckieran@gmail.com","2011-02-10 17:57:44","USR",0,0
727,"auxbuss","Marc Cooper","Auxbuss","UK","github@auxbuss.com","2009-05-07 22:32:36","USR",0,0
728,"hyprwave","Gal",\N,\N,"hyprwave@gmail.com","2010-09-13 00:26:13","USR",0,0
729,"byuweb",\N,\N,\N,\N,"2012-08-01 21:36:03","USR",0,0
730,"matthewdavis","Matthew Davis","Red Hat Inc.","Raleigh, NC","matthew@familycampground.org","2010-06-07 03:36:00","USR",0,0
731,"squires","Scott Squires",\N,\N,"squires@pobox.com","2010-01-01 19:55:28","USR",0,0
732,"jmmastey","Joseph Mastey","","Chicago IL","jmmastey@gmail.com","2010-06-10 16:25:45","USR",0,0
733,"ericf","Eric Ferraiuolo","Yahoo! and Oddnut Software","Boston, MA","eferraiuolo@gmail.com","2008-10-15 17:17:33","USR",0,0
734,"canozmen","Can Özmen","Phonoclick","Istanbul","canozmen@gmail.com","2011-03-10 12:58:10","USR",0,0
735,"gosquared","GoSquared",\N,"London, United Kingdom","support@gosquared.com","2012-01-02 12:41:58","ORG",0,0
736,"papyromancer","Andrew Davis","http://lightcorp.net/","Mississippi","andrew.davis@kaltura.com","2008-06-01 00:37:30","USR",0,1
737,"stopro","RUI","CISCO","China","jor.richard@gmail.com","2011-06-17 02:25:31","USR",0,0
738,"arowser","daniel",\N,\N,"arowser@gmail.com","2010-12-30 01:17:17","USR",0,0
740,"mbijon","Mike Bijon","Etch Software","Portland, OR, US","mike@etchsoftware.com","2011-03-16 02:15:16","USR",0,0
741,"samof76","samof76",\N,\N,"dhruv.samuel@gmail.com","2009-06-23 10:08:30","USR",0,0
742,"xlevus","Chris Targett",\N,"London, UK","xin@xlevus.net","2009-10-24 07:28:40","USR",0,0
743,"jnephtali",\N,\N,\N,\N,"2010-08-18 17:58:33","USR",0,0
744,"glix","Danny Glix","nerd","NYC","dannyglix@gmail.com","2010-08-14 04:29:25","USR",0,0
745,"crh","cherlam","FIZ Karlsruhe","Karlsruhe","christian_dot_herlambang_removeme@googlemail_dot_com","2011-04-11 17:27:58","USR",0,0
746,"andersonaguiar","Anderson Aguiar","ADMT","Santa Catarina, Brazil","andersonaguiarrr@gmail.com","2010-11-22 09:09:44","USR",0,0
747,"deminew","",\N,\N,\N,"2009-03-01 21:22:24","USR",0,0
749,"badarahmed","Badar Ahmed",\N,\N,"badar.mail@gmail.com","2011-01-29 20:18:09","USR",0,0
750,"ikrima","ikrima",\N,\N,"contact@ikrima.com","2010-12-01 22:36:47","USR",0,0
751,"hosiukeung","hosiukeung",\N,\N,"hohonkeung@gmail.com","2009-03-23 05:59:01","USR",0,0
752,"egoldblum","Ethan Goldblum",\N,"San Jose","egoldblum@gmail.com","2009-03-19 00:10:43","USR",0,0
754,"daveWid","Dave Widmer",\N,"Toledo, OH","dave@davewidmer.net","2009-08-17 15:45:25","USR",0,0
755,"bigdude",\N,\N,\N,\N,"2010-07-11 08:37:58","USR",0,0
756,"SBHOQKXP","Nick Kledzik",\N,\N,"kledzik@apple.com","2012-08-03 18:09:32","USR",1,0
757,"ShaggyDude","scott romack",\N,\N,"scott@romack.net","2010-07-16 17:05:27","USR",0,0
759,"kennyma","Kenny Ma",\N,"San Francisco, CA","kenny@kennyma.me","2010-03-20 07:25:14","USR",0,0
760,"onthestairs","onthestairs",\N,\N,"austinplatt@gmail.com","2011-07-14 20:00:34","USR",0,0
761,"ahazelwood","Andre' Hazelwood","CI Radar",\N,"ahazelwood@ciradar.com","2010-07-21 17:19:51","USR",0,0
762,"zeroone","ZeroOne","Conris",\N,\N,"2010-08-02 05:41:32","USR",0,0
763,"martinsam","Samuel Martin","Temesis","Paris","martin.sam@gmail.com","2008-11-15 23:19:18","USR",0,0
764,"ametaireau","Alexis Metaireau","Mozilla","Paris, France","alexis, notmyidea, org","2009-03-25 15:32:25","USR",0,0
765,"ammmir","Amir Malik",\N,"Mountain View, CA","a@unoc.net","2010-03-08 07:39:11","USR",0,0
766,"timkrueger","Tim Krueger",\N,"Herne, Germany","tim.krueger@me.com","2011-02-08 12:23:00","USR",0,0
767,"dtrebbien","Daniel Trebbien",\N,\N,"dtrebbien@gmail.com","2010-05-14 20:22:48","USR",0,0
768,"kenliu","Ken Liu",\N,"Whippany, NJ","ken.liu@gmail.com","2009-01-17 02:32:02","USR",0,0
769,"AaronFoltz","Aaron Foltz","","Herndon, Va","foltz.aaron@gmail.com","2011-03-31 00:52:19","USR",0,0
770,"mornlee","","","","mornlee@gmail.com","2009-01-20 01:35:13","USR",0,0
771,"pdelanauze","Patrick de Lanauze",\N,\N,"patrick.delanauze@gmail.com","2010-03-18 01:09:55","USR",0,0
772,"floriandiud","FlorianPou",\N,\N,"floriandiud@yahoo.fr","2011-01-13 20:55:43","USR",0,0
773,"mmccaff","Matt McCaffrey",\N,"Jersey City, NJ","hello@mattmccaffrey.com","2011-09-09 20:51:05","USR",0,0
774,"JamesWPhillips","JamesWPhillips",\N,\N,"james@jameswphillips.com","2011-04-15 01:40:04","USR",0,0
775,"josephmisiti","joseph misiti","","nyc, ny","joseph.misiti@gmail.com","2010-04-17 21:09:13","USR",0,0
776,"ronnylt","Ronny López",\N,"","ronny@pricebets.com","2008-09-14 15:07:47","USR",0,0
777,"frewsxcv","Corey Farwell",\N,"Mountain View, CA; San Luis Obispo, CA","coreyf@rwell.org","2010-09-26 17:09:42","USR",0,0
778,"torybriggs","Tory Briggs",\N,\N,"torybriggs@gmail.com","2009-05-31 03:43:25","USR",0,0
779,"lhagan","Luke Hagan",\N,"Seattle","luke@lukehagan.com","2010-02-01 12:57:24","USR",0,0
780,"numerick",\N,\N,\N,\N,"2011-03-31 06:49:33","USR",0,0
781,"MattCottingham","Matt Cottingham",\N,"London, UK","matt.cottingham@gmail.com","2010-02-21 10:24:00","USR",0,1
782,"fribblerz","Shane Test","free","corner","fribblerz@gmail.com","2011-04-29 21:42:12","USR",0,0
783,"thecolorblue","Brad Davis","","Stow, Ohio","brad@braddavis.cc","2008-06-09 20:39:53","USR",0,0
784,"elf-pavlik","elf Pavlik","http://hackers4peace.net","https://gitorious.org/~elf-pavlik","perpetual-tripper@wwelves.org","2011-06-26 08:24:22","USR",0,0
785,"dhan88","Danny Han",\N,\N,"dhan@cycle88.com","2011-02-09 04:09:04","USR",0,0
786,"spaetzel","Will Spaetzel","CastRoller","Kitchener, Ontario","github@redune.com","2008-11-14 16:57:26","USR",0,0
787,"XDGRNNTC","Jochen Schalanda",\N,\N,"j.schalanda@smarchive.de","2012-08-03 18:09:33","USR",1,0
788,"Pewpewarrows","Marco Chomut","[Security Research and Development]","Arlington, VA","marco.chomut@gmail.com","2008-09-30 19:24:33","USR",0,0
789,"cshenoy","Chetan Shenoy","iStrategyLabs","Washington, DC","me@chetanshenoy.com","2010-09-21 19:43:50","USR",0,0
790,"rsanchez1","Roberto Sanchez",\N,"University of Florida","rsanchez1990@gmail.com","2010-08-23 19:31:10","USR",0,0
791,"nixterrimus","Nick Rowe",\N,"Pacifica, CA","nixterrimus@gmail.com","2008-07-26 04:44:46","USR",0,0
792,"yuvipanda","Yuvi Panda","","Chennai","YuviPanda@gmail.com","2008-10-22 17:57:53","USR",0,0
793,"biserkov","Jordan Biserkov",\N,"Sofia, Bulgaria","jordan@biserkov.com","2009-01-27 21:16:51","USR",0,0
794,"edavis","Eric Davis","Nevada Policy Research Institute","Las Vegas, NV","ed@npri.org","2011-02-17 02:54:14","USR",0,0
795,"gkawalec",\N,\N,\N,\N,"2010-06-28 00:08:22","USR",0,0
796,"kennethreitz","Kenneth Reitz","Heroku","Washington, DC","_@kennethreitz.com","2009-08-26 21:17:47","USR",0,0
797,"samuvuo",\N,\N,\N,\N,"2011-10-01 05:49:55","USR",0,0
798,"EnTeQuAk","Christopher Grebs",\N,"Berlin, Germany","cg@webshox.org","2009-10-13 06:11:27","USR",0,0
799,"auxesis","Lindsay Holmwood","Bulletproof Networks","Sydney, Australia","lindsay@holmwood.id.au","2008-06-02 13:59:12","USR",0,0
800,"bhrebec","Brian Hrebec","Quickmare Studios","Portland, OR","quickmare@gmail.com","2011-03-02 18:03:57","USR",0,0
801,"tneems","Tim Neems",\N,"CT","tneems@gmail.com","2008-06-29 00:56:54","USR",0,0
802,"blt","Brian L. Troutwine","Software Developer with FDAAT of Rackspace ","San Francisco, CA","brian@troutwine.us","2008-03-21 17:49:42","USR",0,0
804,"wpq0","Hoàng Vũ","","Hanoi","hvu.0x7c3@gmail.com","2009-09-22 15:06:04","USR",0,0
805,"eddyyanto","Eddy Yanto",\N,"Singapore","yanto.eddy@gmail.com","2010-08-22 14:54:35","USR",0,0
806,"ramiscal",\N,\N,\N,\N,"2009-08-30 15:50:32","USR",0,0
807,"willvanwazer","Will Van Wazer","The Washington Post","Washington, DC","will@willvanwazer.com","2010-10-18 17:49:07","USR",0,0
808,"riivo","Riivo",\N,"Tartu, Estonia","kikasriivo@gmail.com","2009-03-24 18:40:29","USR",0,0
809,"suhair","Suhair Hassan E","ISPG","India","suhairhassan@gmail.com","2009-12-10 07:33:44","USR",0,0
811,"seenxu","seenxu",\N,"Stuttgart, Germany","seen_xu@163.com","2008-09-01 12:57:11","USR",0,0
812,"fouasnon","Hannah Fouasnon","","Portland Oregon","hanelifou@gmail.com","2009-09-01 17:37:02","USR",0,0
813,"makeable","Matt Williams","Makeable","Spain","matt@makeable.co.uk","2009-06-15 21:39:17","USR",0,0
814,"oumu","oumu",\N,\N,"oumu323@gmail.com","2011-01-17 16:07:27","USR",0,0
815,"mgsnova","mgsnova",\N,\N,"github@mgsnova.de","2009-05-26 15:26:26","USR",0,0
816,"kbhatt2006","Kuldeep Bhatt",\N,"Ahmedabad, Gujarat, INDIA","kbhatt2006@gmail.com","2011-08-29 09:49:24","USR",0,0
817,"ninnypants","Tyrel Kelsey","BigSwing","Provo, UT","tyrel@ninnypants.com","2010-09-20 19:54:46","USR",0,0
818,"hxseven","Jonas John",\N,"Berlin, Germany","jonas@jonasjohn.de","2011-10-23 17:55:00","USR",0,0
819,"mclamb","Jeff McLamb",\N,\N,"mclamb.register+github@gmail.com","2009-08-20 05:57:49","USR",0,0
820,"mshk","Masahiko Tachizono",\N,"Tokyo, San Francisco","masahikot@furtheralong.com","2008-10-18 00:16:38","USR",0,0
821,"analogue","Semir Patel",\N,\N,"analogue@yahoo.com","2008-09-29 16:04:33","USR",0,0
822,"carlomazza",\N,\N,\N,\N,"2009-10-14 13:51:59","USR",0,0
823,"lmorchard","Les Orchard","0xDECAFBAD","Livonia, MI, USA","me@lmorchard.com","2008-08-23 14:24:29","USR",0,0
824,"macfidelity","fidel",\N,\N,"fidel@macfidelity.de","2009-03-26 21:29:15","USR",0,1
825,"kkelley","Kevin Kelley",\N,"DFW, TX","github@wyldwolf.org","2009-03-25 13:54:45","USR",0,0
826,"yesimon","Simon Ye","","Stanford, CA","sye737+github@gmail.com","2011-02-05 11:53:34","USR",0,0
827,"namuit","Matteo Piotto","weLaika",\N,"matteo.piotto@welaika.com","2010-10-01 13:43:01","USR",0,0
828,"slaporte","Stephen LaPorte",\N,"San Francisco","stephen.laporte@gmail.com","2011-02-01 08:10:37","USR",0,0
830,"sopyer","Mykhailo Parfeniuk",\N,"Kyiv, Ukraine","sopyer@gmail.com","2009-06-21 18:16:30","USR",0,0
831,"RussellSpitzer","Russell Spitzer",\N,\N,"russell.spitzer@gmail.com","2010-09-23 14:34:15","USR",0,0
832,"ccothrun","Chris Cothrun","Luminous Pixel","Reno, NV","chris@cothrun.com","2011-08-25 02:55:40","USR",0,0
833,"mrcrabby",\N,\N,\N,\N,"2011-07-04 08:36:48","USR",0,0
834,"dholbrough",\N,\N,\N,\N,"2010-12-23 19:46:41","USR",0,0
835,"reyman","Sebastien Rey",\N,\N,"reyman64@gmail.com","2010-11-03 19:50:54","USR",0,0
836,"AnthonyDB","Anthony DeBarros",\N,\N,"adebarros@gmail.com","2010-05-12 00:17:24","USR",0,0
837,"mcg","Matthew","Collecta.com","Charleston SC","mcg@braintube.com","2008-02-16 02:56:12","USR",0,0
838,"itsnotvalid","itsnotvalid",\N,\N,"itsnotvalid@gmail.com","2008-06-14 06:36:38","USR",0,0
839,"krememek","Ted Kremenek",\N,\N,"kremenek@apple.com","2012-12-24 16:32:56","USR",0,0
840,"voidfiles","Alex Kessinger",\N,\N,"voidfiles@gmail.com","2008-02-29 17:27:48","USR",0,0
841,"lardissone","Leandro Ardissone","","Pergamino, Argentina","lardissone@gmail.com","2009-03-03 19:34:28","USR",0,0
842,"pfctdayelise","Brianna Laugher",\N,"Melbourne, Australia","brianna@laugher.id.au","2010-08-11 04:06:31","USR",0,0
843,"eolo999","Edoardo Batini",\N,"Rome, Italy","eodbat@gmail.com","2009-07-10 14:45:14","USR",0,0
844,"tuxinaut","Denny Schäfer","Cevo AG","Hamburg","trash4you@online.de","2011-04-11 13:27:04","USR",0,0
845,"danbentley","Dan Bentley","Numiko","Leeds","danbentley9@gmail.com","2010-12-24 20:26:06","USR",0,0
846,"kwbr","Kai Weber",\N,\N,"kai.weber@glorybox.de","2009-12-18 18:55:28","USR",0,0
847,"elijah","Elijah Wright",\N,"Tennessee","elw@stderr.org","2008-12-29 16:31:10","USR",0,0
848,"redpola","Neil Brewitt",\N,\N,"neil@drempel.org.uk","2010-08-23 13:40:50","USR",0,0
849,"kisoku","Mathieu Sauve-Frankel","","Nara, Japan","msf@kisoku.net","2009-02-17 03:13:59","USR",0,0
850,"lucaswiman","Lucas Wiman","Connexive, Inc","Mountain View, CA","lucas.wiman@gmail.com","2009-09-04 04:06:57","USR",0,0
851,"majutsushi","Jan Larres",\N,"New Zealand","jan@majutsushi.net","2010-11-03 09:32:22","USR",0,0
852,"Kdecherf","Kevin Decherf",\N,"Nantes, France","kevin@kdecherf.com","2010-03-19 11:50:27","USR",0,0
853,"demula","Jesus de Mula Cano","","Madrid","demula@gmail.com","2008-11-13 16:42:00","USR",0,0
854,"netoarmando","Armando Neto","","São Carlos - Brazil","armando@armandoneto.com","2010-03-06 23:13:06","USR",0,0
855,"acadopia","Acadopia",\N,\N,\N,"2008-06-09 02:43:39","USR",0,0
856,"yawnt","yawn",\N,\N,"yawn.localhost@gmail.com","2009-11-04 17:53:09","USR",0,0
857,"joschi","Jochen Schalanda","","Germany","jochen+github@schalanda.name","2009-01-03 16:14:18","USR",0,0
858,"willdurand","William Durand","","France","william.durand1@gmail.com","2010-03-07 14:15:48","USR",0,0
859,"stof","Christophe Coevoet","LogSafe",\N,"stof@notk.org","2010-10-14 13:56:42","USR",0,0
860,"QJOADMGA","Micah Villmow",\N,\N,"villmow@gmail.com","2012-08-03 18:09:34","USR",1,0
861,"Ablu","Erik Schilling",\N,"Germany","ablu.erikschilling@googlemail.com","2011-04-20 09:43:17","USR",0,0
862,"sylvestre","Sylvestre Ledru",\N,\N,"sylvestre@debian.org","2011-04-16 13:28:26","USR",0,0
863,"rxgx","Ryan Gasparini","RXGX LLC","PHX","ryan@rxgx.com","2009-09-30 00:51:37","USR",0,0
864,"yomoyomo","yomoyomo",\N,\N,\N,"2012-07-28 05:28:06","USR",0,0
866,"garyrussell","Gary Russell","VMware","USA North East","grussell@vmware.com","2010-11-16 13:16:44","USR",0,0
867,"syoyo","Syoyo Fujita",\N,"Left-handed coordinate","syoyo@lighttransport.com","2008-07-28 13:57:30","USR",0,0
868,"darkbuck",\N,\N,\N,\N,"2009-09-16 05:56:01","USR",0,0
869,"brson","Brian Anderson","Mozilla","Mountain View","banderson@mozilla.com","2009-10-31 20:08:15","USR",0,0
870,"demdxx","Aguacero",\N,"Russia, Krasnodar","demdxx@gmail.com","2010-05-25 08:56:24","USR",0,0
871,"bygreencn","Sui Libin",\N,"China","bygreencn@gmail.com","2008-09-02 13:15:46","USR",0,0
872,"pcwalton","Patrick Walton","Mozilla Corporation","Palo Alto, CA","pcwalton@mimiga.net","2009-11-25 04:40:05","USR",0,0
873,"ttaubert","Tim Taubert","Mozilla","Berlin, Germany","tim@timtaubert.de","2010-06-09 13:58:37","USR",0,0
874,"stefanbeller","Stefan Beller",\N,\N,"stefanbeller@googlemail.com","2010-10-27 06:34:00","USR",0,0
875,"bjorn","Thorbjørn Lindeijer","Ubisoft","Germany","thorbjorn@lindeijer.nl","2010-12-21 10:41:28","USR",0,0
876,"mana","Mana Developers",\N,\N,\N,"2011-03-14 09:23:12","ORG",0,0
877,"fnando","Nando Vieira","Hellobits","São Paulo, Brazil","fnando.vieira@gmail.com","2008-03-13 16:15:49","USR",0,0
878,"msriram","Sriram Murali",\N,\N,"sriram87@gmail.com","2012-06-26 19:15:53","USR",0,0
879,"neverabc",\N,\N,\N,\N,"2012-07-12 11:22:48","USR",0,0
882,"blinkbox",\N,\N,\N,\N,"2012-06-01 12:39:47","ORG",0,0
883,"AFQMOPUU","Gunnar Hillert",\N,\N,"ghillert@vmware.com","2012-08-03 18:09:36","USR",1,0
884,"olegz","Oleg Zhurakousky","SpringSource/VMWare","Pennsylvania ","ozhurakousky@vmware.com","2009-12-26 20:10:57","USR",0,0
885,"jurkan","jurkan",\N,\N,"jurkan@gmx.de","2011-07-17 20:13:13","USR",0,0
886,"artembilan","Artem Bilan","http://csltd.com.ua/","Kharkov, Ukraine","clericsmail@gmail.com","2011-09-22 16:21:55","USR",0,0
887,"Postremus","Postremus",\N,\N,"panzer1996@googlemail.com","2011-11-27 11:21:02","USR",0,0
888,"elaird","elaird",\N,\N,"elaird@gmail.com","2011-08-21 15:25:08","USR",0,0
889,"timblinkbox","Tim Haines",\N,\N,"tim@blinkbox.com","2012-06-01 09:02:18","USR",0,0
890,"spring-buildmaster","Spring Buildmaster","SpringSource",\N,"buildmaster@springframework.org","2011-10-17 22:56:34","USR",0,0
891,"janrain","Janrain",\N,\N,"ops@janrain.com","2010-04-06 00:21:06","ORG",0,0
892,"Bertram25","Yohann Ferreira",\N,"France","yohann.ferreira@orange.fr","2011-05-03 15:22:27","USR",0,0
893,"vjl","Vince LaMonica",\N,"Deep in the rainforest of western North Carolina, US",\N,"2010-01-13 15:05:46","USR",0,0
894,"FedericoCeratto","Federico Ceratto",\N,\N,"federico.ceratto@gmail.com","2009-06-03 19:50:27","USR",0,0
895,"jpoehls","Joshua Poehls","InterWorks, Inc.","Oklahoma, USA","joshua@zduck.com","2009-04-09 14:34:02","USR",0,0
896,"JakeWharton","Jake Wharton","Square, Inc.","San Francisco, CA","jakewharton@gmail.com","2009-03-24 16:09:53","USR",0,0
897,"jelmer","Jelmer Vernooij","Canonical, Ltd.","Utrecht, the Netherlands","jelmer@samba.org","2009-01-24 20:16:28","USR",0,0
899,"gwho","Jesse",\N,\N,"githubb@me.com","2010-05-18 13:29:19","USR",0,0
900,"Evh27","Richard Goater",\N,\N,"richard.goater27@gmail.com","2012-02-11 21:48:17","USR",0,0
901,"BenoitZugmeyer","Benoît Zugmeyer",\N,\N,"bzugmeyer@gmail.com","2009-03-09 23:36:52","USR",0,0
902,"mt","Mathew Thomas",\N,\N,"mathew.thomas@gmail.com","2008-03-27 16:10:28","USR",0,0
903,"rzh","Rui Zhang","OpenFeint","Burlingame, CA","rzrzrz@gmail.com","2009-11-24 22:08:33","USR",0,0
904,"benauthor","Evan Bender","Bricoleur Fine Objects","Washington, DC","evan@bricoleurdesign.com","2010-11-15 19:23:09","USR",0,0
905,"galant","Greg Galant","Sawhorse Media","NYC","greg@galant.org","2010-09-29 16:48:56","USR",0,0
906,"mathandpencil","Math & Pencil","Math & Pencil LLC","NYC,NY","joseph.misiti@mathandpencil.com","2011-10-18 14:55:15","USR",0,0
907,"bryanv","bryanv",\N,\N,"mrkodiak@gmail.com","2009-08-09 20:30:52","USR",0,0
908,"Zegnat","Martijn van der Ven","Zegnåt","Sweden","martijn@zegnat.net","2010-11-21 12:38:04","USR",0,0
909,"Juanscv","Juan Sebastian Camargo Visbal",\N,"Barranquilla, COL","juanscv@live.com","2011-08-02 22:54:43","USR",0,0
910,"cereda","Paulo Cereda",\N,"Analândia, São Paulo, Brazil","cereda.paulo@gmail.com","2010-06-10 17:28:14","USR",0,0
911,"lilpine",\N,\N,\N,\N,"2010-09-24 19:49:34","USR",0,0
912,"rjmolesa","Mojo",\N,"North Wilkesboro","rjmolesa@consoltec.net","2011-09-08 03:31:48","USR",0,0
913,"rcakirerk","Renan Cakirerk","fizy.com","Istanbul","hi@ren.io","2009-09-16 06:57:18","USR",0,1
914,"gms8994","Glendon Solsberry",\N,"Louisville, KY, USA","gms8994@dp.cx","2009-01-31 16:39:06","USR",0,0
915,"mashiro","mashiro",\N,"Japan","mail@mashiro.org","2008-09-07 13:59:58","USR",0,0
916,"azimout","azimout",\N,\N,"azimout@gmail.com","2010-03-14 14:40:43","USR",0,0
917,"anilpod","Anil Podduturi",\N,\N,\N,"2011-11-29 23:46:40","USR",0,0
918,"wangbin","wangbin",\N,\N,"wangbin.zibo@gmail.com","2008-06-27 09:01:31","USR",0,0
919,"ngoffee","Nick Goffee",\N,\N,"ngoffee@gmail.com","2011-11-19 17:42:13","USR",0,0
920,"lzuchri",\N,\N,\N,\N,"2011-10-05 06:41:01","USR",0,0
921,"kmnb",\N,\N,\N,\N,"2008-10-30 18:29:08","USR",0,0
922,"renderkid","Bhargava Chowdary",\N,"Pune, India","bhargava@helpshift.com","2008-04-12 08:17:26","USR",0,0
923,"teopeurt","Don Onwunumah","PigStyAlley","UK","don.at.blindfoldedarcher.com","2010-02-08 14:38:45","USR",0,0
924,"ybrs","ybrs",\N,\N,"aybars.badur@gmail.com","2010-09-16 22:37:35","USR",0,0
925,"j10","Justin Liu",\N,\N,"justin.liu@gmail.com","2010-04-22 17:52:22","USR",0,0
926,"waleedka","Waleed","Ninua, Inc.","Mountain View, CA","waleed@ninua.com","2009-07-19 05:27:14","USR",0,0
927,"brunojm","Bruno Melo",\N,"Brazil","brunojm@gmail.com","2008-04-05 02:31:40","USR",0,0
928,"samuelt","Samuel Thollander",\N,"Sweden","samuel.thollander@gmail.com","2008-02-28 22:16:59","USR",0,0
929,"vagner4work","Vagner Rodrigues","4work systems","Maringá, Brazil","vagner4work@gmail.com","2010-06-02 22:33:13","USR",0,0
930,"goranstef","Goran Stefkovski","Kogan","Melbourne, Australia","gorans@gmail.com","2011-05-05 03:53:16","USR",0,0
931,"adamnemecek","Adam Nemecek",\N,\N,"adamnemecek@gmail.com","2010-01-14 18:56:23","USR",0,0
932,"jjehannet","Julien Jehannet",\N,"Paris","julien@smaf.org","2010-10-12 09:26:01","USR",0,0
933,"datakungfu",\N,\N,\N,\N,"2011-07-04 18:44:17","USR",0,0
934,"omerhasan","Omer Hasan","",\N,"omerhasan@gmail.com","2011-03-21 21:32:28","USR",0,0
935,"eapen","Eapen","eBay","San Jose, CA","github@eapen.in","2009-03-30 14:48:04","USR",0,0
936,"phugee",\N,\N,\N,\N,"2008-06-30 18:31:54","USR",0,0
937,"yyeshua","Yyeshua","Universidad Pedagógica Nacional \"Francisco Morazán\"","Tegucigalpa, FM, Honduras","yyeshua@lavabit.com","2011-01-23 19:23:00","USR",0,1
938,"galleto","Carlo Jhoal","gPdSol & galleto's Company","Toluca, Edo. de México","carlogalleto@gmail.com","2011-06-06 16:50:28","USR",0,0
939,"jensk","Jens Kleikamp","","Germany","jens@codes-concepts.com","2008-10-27 15:55:00","USR",0,0
940,"ptrf","Peter",\N,\N,"ptrf@diku.dk","2010-03-31 20:13:18","USR",0,0
941,"andrewharmellaw","Andrew Harmel-Law",\N,\N,"andrew@harmel-law.com","2012-03-19 16:29:49","USR",0,0
942,"MercerTraieste","Mercer Traieste",\N,"Bucharest, Romania","mercer.traieste@gmail.com","2009-06-14 22:17:15","USR",0,1
943,"gkappel","George Kappel",\N,\N,"george.kappel@gmail.com","2011-11-28 22:38:25","USR",0,0
944,"acmisiti","andrew misiti","math&pencil","Medina,NY","andrew.misiti@gmail.com","2010-04-29 04:37:38","USR",0,0
945,"lcottereau","lcottereau",\N,\N,"laurent@cottereau.name","2010-07-22 20:40:44","USR",0,0
946,"HowardMei","Howard Leo Mei","","Singapore","howardleomei@gmail.com","2011-12-11 03:02:48","USR",0,0
947,"leon","Leon Radley","digiPlant","Sweden","leon@radley.se","2008-06-10 12:47:52","USR",0,0
948,"worry","worry",\N,\N,"me@worry.name","2011-09-28 05:48:02","USR",0,0
949,"zannr1","Zane","Zane Inc.",\N,"zane59anez@gmail.com","2012-01-10 02:01:14","USR",0,0
950,"brcooley","brc",\N,"VA","brcooley@cs.wm.edu","2011-04-06 17:22:32","USR",0,0
951,"semente","Guilherme Gondim","","","semente+github@taurinus.org","2008-10-20 00:36:58","USR",0,0
952,"ledil","Leonardo Di Lella","mobileapart",\N,"leonardo@dilella.org","2009-03-18 09:16:06","USR",0,0
953,"maheshbabu","maheshbabu",\N,\N,"maheshbabu.r@gmail.com","2010-01-13 12:52:25","USR",0,0
954,"ianshuma",\N,\N,\N,\N,"2011-12-07 10:29:18","USR",0,0
955,"Alvarord","Alvaro Rodriguez",\N,\N,"alvarord@gmail.com","2010-08-29 17:51:33","USR",0,0
956,"gabrielmarcondes","Gabriel Marcondes",\N,"Cachoeira Paulista, SP, Brazil","gabrielgeraldo@gmail.com","2008-04-11 15:11:56","USR",0,0
957,"testuser1","testuser1",\N,\N,"testuser1@mail.ru","2011-04-01 21:48:29","USR",0,0
958,"raganesh","raganesh",\N,\N,"ganesh.ravindran@outlook.com","2009-12-14 05:48:29","USR",0,0
959,"lamnatos","Antonis Lamnatos",\N,"Athens, Greece",\N,"2010-01-08 10:15:18","USR",0,0
960,"jag","jag",\N,"Amsterdam","jagadeesh.munuswamy@gmail.com","2009-12-04 23:25:30","USR",0,0
961,"jbpros","Julien Biezemans","JBpro's Interactive","Wavre, BE","jb@jbpros.com","2009-02-06 14:33:23","USR",0,0
962,"bcantrill","Bryan Cantrill","Joyent",\N,"bcantrill@acm.org","2010-07-11 04:21:01","USR",0,0
963,"bnoordhuis","Ben Noordhuis","Cloud9","Gouda, the Netherlands","info@bnoordhuis.nl","2010-05-13 20:10:19","USR",0,0
964,"bigeasy","Alan Gutierrez",\N,"Faubourg St John, New Orleans, LA","alan@prettyrobots.com","2008-11-15 19:42:44","USR",0,0
965,"pfriedman","Paul Friedman","Northwestern University",\N,"psfriedman@gmail.com","2008-11-15 13:42:51","USR",0,0
966,"chobie","Shuhei Tanuma","","Tokyo/Japan","chobieeee@php.net","2010-02-03 02:48:52","USR",0,0
967,"zackzachariah","Zack Sheppard","Foursquare","New York, NY","contact@zacksheppard.com","2011-02-28 17:48:38","USR",0,0
968,"betchart","Burt Betchart",\N,\N,"betchart@gmail.com","2011-09-08 22:13:20","USR",0,0
969,"mapchat","Fedor Indutny",\N,\N,"fedor@indutny.com","2012-08-05 10:27:34","USR",0,0
970,"chrismilleruk","chrismilleruk",\N,\N,"chris@blinkbox.com","2011-02-25 01:55:50","USR",0,0
971,"oftc","Open and Free Technology Community",\N,\N,"support@oftc.net","2010-12-15 22:29:09","ORG",0,0
972,"Nataliya","Nataliya","NUBIC",\N,"n-shurupova@northwestern.edu","2011-05-17 19:12:56","USR",0,0
973,"greenone1975","Steven Gallagher","Computer Science Student","Northwest Illinois","s.thomas.gallagher@gmail.com","2011-05-21 02:40:58","USR",0,0
974,"piscisaureus","Bert Belder",\N,\N,"bertbelder@gmail.com","2010-03-08 10:24:21","USR",0,0
975,"yipdw","","☜(ﾟヮﾟ☜) (☞ﾟヮﾟ)☞ ☜(ﾟヮﾟ☜) (☞ﾟヮﾟ)☞","","yipdw@member.fsf.org","2008-03-26 02:57:31","USR",0,0
976,"tobig","Tobias Grosser",\N,\N,"grosser@fim.uni-passau.de","2010-12-14 00:27:11","USR",0,0
977,"rafaelpaz","Rafael Paz",\N,\N,\N,"2011-10-28 18:47:49","USR",0,0
978,"d0k","Benjamin Kramer","","Germany","benny.kra@googlemail.com","2008-07-09 16:35:25","USR",0,0
979,"IgorMinar","Igor Minar",\N,"SF Bay Area, CA","igor@angularjs.org","2010-03-05 03:31:28","USR",0,0
980,"gribozavr","Dmitri Gribenko",\N,\N,"gribozavr@gmail.com","2011-10-11 20:24:33","USR",0,0
981,"shepheb","Braden Shepherdson","None","Waterloo, ON, Canada","braden.shepherdson@gmail.com","2009-11-24 23:02:31","USR",0,0
982,"racker",\N,\N,\N,\N,"2011-01-11 06:40:44","ORG",0,0
983,"ACESRWFA","Anna Zaks",\N,\N,"ganna@apple.com","2012-08-03 18:09:41","USR",1,0
984,"zendigital","Daniel Zen",\N,\N,"daniel@zendigital.com","2013-05-21 16:46:30","USR",0,0
985,"Incuna-Who","Incuna Ltd",\N,\N,"admin@incuna.com","2014-07-15 06:49:03","ORG",0,0
986,"vojtajina","Vojta Jina","Google","San Francisco Bay Area","vojta.jina@gmail.com","2009-01-14 22:58:09","USR",0,0
987,"TAXGJJBW","Howard Hinnant",\N,\N,"hhinnant@apple.com","2012-08-03 18:09:42","USR",1,0
988,"mhevery","Miško Hevery","Google",\N,"misko@hevery.com","2009-08-04 21:42:41","USR",0,0
989,"cburgdorf","Christoph Burgdorf","dff-solutions GmbH","Hannover / Germany","christoph.burgdorf@bvsn.org","2010-12-13 13:14:55","USR",0,0
990,"marcenuc","Marcello Nuccio","nuccio sas","Italia","marcello.nuccio@gmail.com","2008-04-05 13:25:45","USR",0,0
991,"roman-neuhauser","Roman Neuhauser",\N,\N,"rneuhauser@suse.cz","2010-05-08 12:31:47","USR",0,0
992,"saghul","Saúl Ibarra Corretgé",\N,"Amsterdam, NL","saghul@gmail.com","2010-06-29 13:49:31","USR",0,0
993,"redaemn","Gabriele Rabbiosi","SalesRiver","Trieste, Italy","gabriele.rabbiosi@gmail.com","2011-04-07 22:52:31","USR",0,0
994,"jdzak","John Dzak","Northwestern University","Chicago, IL","john.dzak@gmail.com","2008-04-21 02:24:17","USR",0,0
995,"isaacs","Isaac Z. Schlueter","Joyent (and happy here, not looking for jobs, recruiters please do not email me)","Oakland CA","i@izs.me","2008-05-04 19:43:46","USR",0,0
996,"WHUQCBWG","Jordan Rose",\N,\N,"jordan_rose@apple.com","2012-08-03 18:09:43","USR",1,0
997,"ifedotov","Ilya Fedotov",\N,\N,"ifedotov@gmail.com","2011-02-26 01:11:00","USR",0,0
998,"thiagoghisi","Thiago Ghisi","ThoughtWorks","Porto Alegre, Brazil","thiago.ghisi@gmail.com","2010-05-07 04:47:38","USR",0,0
999,"pquerna","Paul Querna",\N,"San Francisco, CA","pquerna@apache.org","2009-07-30 05:44:20","USR",0,0
1000,"LRHTUVUI","Sean Callanan",\N,\N,"scallanan@apple.com","2012-08-03 18:09:44","USR",1,0
1001,"philips","Brandon Philips","","San Francisco, CA","brandon@ifup.org","2008-11-09 22:23:48","USR",0,0
1002,"gyohng","George Yohng",\N,\N,"georgegh@oss3d.com","2012-06-08 17:59:38","USR",0,0
1003,"mmalecki","Maciej Małecki","Nodejitsu","Poznań, Poland","maciej.malecki@notimplemented.org","2011-03-26 20:04:41","USR",0,0
1004,"sethladd","Seth Ladd","Google","Mountain View, CA","sethladd@gmail.com","2008-04-06 23:43:34","USR",0,0
1005,"mcavage","Mark Cavage","Joyent","Seattle, WA","mcavage@gmail.com","2010-08-15 20:42:59","USR",0,0
1006,"maxpeterson","Max Peterson","Incuna","Oxford","max@incuna.com","2010-11-09 09:39:51","USR",0,0
1007,"rsutphin","Rhett Sutphin","Northwestern University Biomedical Informatics Center","Chicago, Illinois","rhett@detailedbalance.net","2008-03-07 15:24:26","USR",0,0
1008,"rphillips","Ryan Phillips","","Austin, TX","trolocsis@gmail.com","2008-03-02 19:00:27","USR",0,0
1009,"IWSXSDLT","Fariborz Jahanian",\N,\N,"fjahanian@apple.com","2012-08-03 18:09:44","USR",1,0
1011,"KUGLUIBU","solace",\N,\N,"solace@solace01.oma01.plurk-local","2012-08-03 18:09:45","USR",1,0
1012,"jpatel","Jalpa Patel","Northwestern University","Chicago","jalpa-patel@northwestern.edu","2009-07-10 17:05:04","USR",0,0
1013,"ZorGleH","Grégoire Dubourg",\N,\N,"gregoire.dubourg@gmail.com","2010-06-10 12:02:21","USR",0,0
1014,"UOVNRMRK","Enrico Granata",\N,\N,"egranata@apple.com","2012-08-03 18:09:45","USR",1,0
1015,"jturnbull","James Turnbull","Incuna Ltd","Oxford, UK","james@jamesturnbull.org","2008-10-23 13:42:54","USR",0,0
1017,"v-martorelli","TheRealVickieM",\N,"Chicago",\N,"2012-05-23 20:26:47","USR",0,0
1018,"YYURWVPT","Alexander Potapenko",\N,\N,"glider@google.com","2012-08-03 18:09:46","USR",1,0
1019,"madrobby","Thomas Fuchs","Slash7 LLC","Philadelphia, PA","thomas@fesch.at","2008-03-18 22:11:15","USR",0,0
1020,"jackpinto","Jackson Pinto",\N,"Curitiba-PR","jackpinto@gmail.com","2011-03-25 22:49:08","USR",0,0
1021,"zmodem","Hans Wennborg",\N,\N,"hans@hanshq.net","2011-10-24 17:11:11","USR",0,0
1022,"XOPYUEPS","Glenn Hill",\N,\N,"glenn.hill@rackspace.com","2012-08-03 18:09:46","USR",1,0
1023,"ochameau","ochameau",\N,\N,"poirot.alex@gmail.com","2010-02-08 23:26:50","USR",0,0
1024,"brandonwamboldt","Brandon Wamboldt","Research In Motion","Halifax, Nova Scotia (Canada)","brandon.wamboldt@gmail.com","2011-02-21 02:17:59","USR",0,0
1025,"PDNPTWUJ","Alexey Samsonov",\N,\N,"samsonov@google.com","2012-08-03 18:10:01","USR",1,0
1026,"dmerrick","Dana Merrick","Brightcove","Cambridge, MA","dana.merrick@gmail.com","2009-01-27 17:30:11","USR",0,0
1027,"petesaia","Pete Saia",\N,"Washington DC","pete@petesaia.com","2009-11-24 09:30:27","USR",0,0
1028,"conardcarroll","Conard Carroll",\N,\N,"conard.carroll@gmail.com","2011-10-12 02:24:01","USR",0,0
1029,"crhym3","alex","Cloudware it!","Italy, Trento","alex@cloudware.it","2008-09-19 17:37:49","USR",0,0
1030,"MichaelMartinez","Michael Martinez",\N,"Arizona","machinedesigner@gmail.com","2010-10-25 00:01:32","USR",0,0
1031,"sureshg","Suresh G","Cisco Systems.","Santa Clara, CA","sureshg.g@gmail.com","2010-08-07 10:48:55","USR",0,0
1032,"hzx","Dmitry",\N,\N,"fwebstudio@gmail.com","2011-06-23 02:17:57","USR",0,0
1033,"ckatzorke","Christian Katzorke",\N,\N,"c.katzorke@web.de","2011-02-21 06:49:14","USR",0,0
1034,"slander36","Sean Lander",\N,"Columbia, MO","slander@finitestategames.com","2011-07-20 16:16:32","USR",0,0
1035,"useware","useware",\N,\N,"useware@gmail.com","2011-03-01 16:40:35","USR",0,0
1036,"vicktor","Victor Bautista","SocialDiabetes, SL","Barcelona","victor@socialdiabetes.com","2010-08-31 14:40:28","USR",0,0
1037,"eserpoyraz","Eser Poyraz","Yeni Hayat",\N,"eser.poyraz@yh.com.tr","2011-01-24 10:59:56","USR",0,0
1038,"andre0008","André Gahr",\N,"Germany",\N,"2009-10-04 21:11:17","USR",0,0
1039,"nimbupani","Divya Manian",\N,"Seattle","divya.manian@gmail.com","2009-04-16 18:38:13","USR",0,0
1040,"thinkadoo","Andre Venter","Freelance","Johannesburg","andre.n.venter@gmail.com","2009-10-13 08:57:12","USR",0,0
1041,"metakeule","metakeule","","Cologne / Germany","linux@marcrenearns.de","2010-01-12 09:10:51","USR",0,0
1042,"derdesign","Ernesto Méndez","","","der@der-design.com","2011-02-14 04:10:18","USR",0,0
1043,"carloseberhardt","Carlos Eberhardt",\N,"Minnesota","carlos.eberhardt@gmail.com","2010-04-16 04:03:48","USR",0,0
1044,"Shoom","Uli Schumacher",\N,"Hamburg, Germany","uli.schumacher@gmail.com","2011-03-07 22:22:37","USR",0,0
1045,"angiez00","angie",\N,\N,"zoo.angie@gmail.com","2012-07-29 01:37:21","USR",0,0
1046,"ckniffen","Caleb Kniffen","VML","Kansas City","c_kniffen@kniffenwebdesign.com","2010-11-02 21:51:29","USR",0,0
1047,"openSUSE","The openSUSE Project",\N,"Germany",\N,"2011-02-17 19:01:54","ORG",0,0
1048,"rcrooks","Robert Crooks",\N,\N,"rcrooks@brightcove.com","2011-02-15 17:51:01","USR",0,0
1049,"simonbetton","Simon Betton","","Auckland, New Zealand","simbet@gmail.com","2011-02-23 02:57:15","USR",0,0
1050,"mdarens","Mark D'Arensbourg",\N,"New Orleans","mdarens@gmail.com","2011-12-04 09:33:25","USR",0,0
1051,"BKADTIWT","Try Git",\N,\N,"try_git@github.com","2012-08-03 18:10:02","USR",1,0
1052,"fermion","Rob Sterner","","","rob.sterner@gmail.com","2008-03-11 15:27:09","USR",0,0
1053,"herkulano","Herculano Campos",\N,"Portugal","herkulano@gmail.com","2009-09-10 10:48:33","USR",0,0
1054,"GithubBuildBot",\N,\N,\N,\N,"2011-07-06 21:09:21","USR",0,0
1055,"QKHNTTOL","Eli Friedman",\N,\N,"eli.friedman@gmail.com","2012-08-03 18:10:02","USR",1,0
1056,"JennFoo21",\N,\N,\N,\N,"2011-08-19 15:55:28","USR",0,0
1057,"Jigarsolanki","Jigarsolanki",\N,\N,"jigar.solanki@mailtrust.com","2011-05-09 18:50:25","USR",0,0
1058,"Kami","Tomaz Muraus","Cloudkick / Rackspace","San Francisco","tomaz+github@tomaz.me","2009-09-09 22:13:04","USR",0,0
1059,"asiermarques","Asier Marqués","Simettric.com","Barakaldo, Vizcaya, España","asiermarques@gmail.com","2009-11-05 20:52:45","USR",0,0
1060,"MACSkeptic","Mozair AC - aka MACSkeptic","could be yours ;)","in your ♥","macskeptic@gmail.com","2009-02-12 11:19:19","USR",0,0
1061,"MathildeMBarr",\N,\N,\N,\N,"2011-07-05 17:58:35","USR",0,0
1062,"MattNewberry","Matthew Newberry","Rackspace","Chattanooga, TN","matthew.newberry@rackspace.com","2009-07-23 15:12:39","USR",0,0
1063,"ryanb","Ryan Bates","Railscasts","Southern Oregon","ryan@railscasts.com","2008-02-07 22:42:25","USR",0,0
1064,"RackerJohnMadrid","RackerJohnMadrid","Rackspace",\N,"john.madrid@rackspace.com","2010-06-17 12:24:51","USR",0,0
1065,"RoboticCheese","Jon H",\N,"Blacksburg, VA","j@mailtrust.com","2011-08-03 13:52:23","USR",0,0
1066,"TracyLoring","Tracy Loring",\N,\N,\N,"2011-08-02 15:40:11","USR",0,0
1067,"kittc","kittc",\N,\N,"rails@foxmail.com","2011-04-16 03:39:01","USR",0,0
1068,"adampickeral","Adam Pickeral","Rackspace","Blacksburg, VA","adam.pickeral@rackspace.com","2011-11-21 18:09:36","USR",0,0
1069,"adrianotto","Adrian Otto",\N,\N,"adrian.otto@rackspace.com","2012-01-28 22:19:17","USR",0,0
1070,"ajcoppa","AJ Coppa",\N,\N,"aj.coppa@gmail.com","2010-11-15 03:03:53","USR",0,0
1071,"amitgandhinz","Amit Gandhi",\N,\N,"amit@gandhi.co.nz","2012-01-30 15:44:10","USR",0,0
1072,"amrutac","amrutac",\N,\N,"amruta.chitnis@gmail.com","2010-12-14 21:58:44","USR",0,0
1073,"apretto","Alexandre Pretto Nunes","ThoughtWorks Inc.","Porto Alegre, Brazil","anunes@thoughtworks.com","2012-02-23 17:03:58","USR",0,0
